FID,id,The_geom,Nome,Tipo,Descrição,Bairro,cod_bairro,Regional,cod_regiao,Território,fonte,ano_ref ,epsg_codif
vw_OutorgaOnerosaDireitoConstruir.fid--16360be6_188534013f0_104f,16,POINT (-38.52947000354029 -3.751342021908112),Nossa Senhora de Fátima SPE,Mapeamento OODC,"<b>REQUERENTE:</b></br>	
Nossa Senhora de Fátima SPE Incorporação LTDA
<p></p>
<b>Nº PROCESSO SEUMA:</b></br> 
17091/2012  e 18844/2016- SEUMA
<p></p>
<b>Nº ALVARÁ DE CONSTRUÇÃO:</b></br> 
954
<p></p>
<b>ATIVIDADE:</b></br>
Residencial Multifamiliar (prédio de apartamentos)
<p></p>
<b>ÍNDICE DE APROVEITAMENTO OUTORGADO:</b></br> 
1,00
<p></p>
<b>VALOR DA OUTORGA:</b></br> 
R$ 63.721,35",Fátima,16,Secretaria Executiva Regional 4,V,15,SEUMA,2023,EPSG: 31984 (SIRGAS 2000 - UTM 24S); Codificação: UTF-8
vw_OutorgaOnerosaDireitoConstruir.fid--16360be6_188534013f0_1050,14,POINT (-38.48509388242866 -3.759205525624139),M Aguiar Construções SPE,Mapeamento OODC,"<b>REQUERENTE:</b></br>	
M Aguiar Construções SPE LTDA
<p></p>
<b>Nº PROCESSO SEUMA:</b></br> 
1391/2013 e 13636/2016
<p></p>
<b>Nº ALVARÁ DE CONSTRUÇÃO:</b></br> 
799
<p></p>
<b>ATIVIDADE:</b></br>
Residencial Multifamiliar (prédio de apartamentos)
<p></p>
<b>ÍNDICE DE APROVEITAMENTO OUTORGADO:</b></br> 
0,50
<p></p>
<b>VALOR DA OUTORGA:</b></br> 
R$ 95.005,73",Guararapes,60,Secretaria Executiva Regional 7,VII,24,SEUMA,2023,EPSG: 31984 (SIRGAS 2000 - UTM 24S); Codificação: UTF-8
vw_OutorgaOnerosaDireitoConstruir.fid--16360be6_188534013f0_1051,17,POINT (-38.48943110986843 -3.759070532527772),Integral Justino Café Incorporações,Mapeamento OODC,"<b>REQUERENTE:</b></br>	
Integral Justino Café Incorporações SPE LTDA
<p></p>
<b>Nº PROCESSO SEUMA:</b></br> 
5922/2013 e 1854/2016
<p></p>
<b>Nº ALVARÁ DE CONSTRUÇÃO:</b></br> 
969
<p></p>
<b>ATIVIDADE:</b></br>
Residencial Multifamiliar (prédio de apartamentos)
<p></p>
<b>ÍNDICE DE APROVEITAMENTO OUTORGADO:</b></br> 
0,50
<p></p>
<b>VALOR DA OUTORGA:</b></br> 
R$ 140.394,3",Guararapes,60,Secretaria Executiva Regional 7,VII,24,SEUMA,2023,EPSG: 31984 (SIRGAS 2000 - UTM 24S); Codificação: UTF-8
vw_OutorgaOnerosaDireitoConstruir.fid--16360be6_188534013f0_1052,18,POINT (-38.48777894375517 -3.765687741667834),Mota Machado & Oregon SPE XXXVIII Construções,Mapeamento OODC,"<b>REQUERENTE:</b></br>	
Mota Machado & Oregon SPE XXXVIII Construções e Incorporações LTDA
<p></p>
<b>Nº PROCESSO SEUMA:</b></br> 
2012/2013 e 12465/2015
<p></p>
<b>Nº ALVARÁ DE CONSTRUÇÃO:</b></br> 
1081
<p></p>
<b>ATIVIDADE:</b></br>
Residencial Multifamiliar(prédio de apartamentos)
<p></p>
<b>ÍNDICE DE APROVEITAMENTO OUTORGADO:</b></br> 
0,50
<p></p>
<b>VALOR DA OUTORGA:</b></br> 
R$ 184.014,52",Guararapes,60,Secretaria Executiva Regional 7,VII,24,SEUMA,2023,EPSG: 31984 (SIRGAS 2000 - UTM 24S); Codificação: UTF-8
vw_OutorgaOnerosaDireitoConstruir.fid--16360be6_188534013f0_1053,12,POINT (-38.49192378771789 -3.75082048404004),JS 128 Empreendimentos,Mapeamento OODC,"<b>REQUERENTE:</b></br>	
JS 128 Empreendimentos Imobiliário LTDA
<p></p>
<b>Nº PROCESSO SEUMA:</b></br> 
17001/2013 e 1933/2017
<p></p>
<b>Nº ALVARÁ DE CONSTRUÇÃO:</b></br> 
1052
<p></p>
<b>ATIVIDADE:</b></br>
Residencial Multifamiliar (prédio de apartamentos) 
<p></p>
<b>ÍNDICE DE APROVEITAMENTO OUTORGADO:</b></br> 
1,00
<p></p>
<b>VALOR DA OUTORGA:</b></br> 
R$ 208.235,07",São João do Tauape,35,Secretaria Executiva Regional 2,III,10,SEUMA,2023,EPSG: 31984 (SIRGAS 2000 - UTM 24S); Codificação: UTF-8
vw_OutorgaOnerosaDireitoConstruir.fid--16360be6_188534013f0_1054,13,POINT (-38.49436570881468 -3.808872936786337),Marquise - Estação das Flores Empreendimentos,Mapeamento OODC,"<b>REQUERENTE:</b></br>	
Marquise - Estação das Flores Empreendimentos Imobiliários SPE LTDA
<p></p>
<b>Nº PROCESSO SEUMA:</b></br> 
4637/2013 e 11372/2015
<p></p>
<b>Nº ALVARÁ DE CONSTRUÇÃO:</b></br> 
815
<p></p>
<b>ATIVIDADE:</b></br>
Residencial Multifamiliar (prédio de apartamentos)
<p></p>
<b>ÍNDICE DE APROVEITAMENTO OUTORGADO:</b></br> 
0,50
<p></p>
<b>VALOR DA OUTORGA:</b></br> 
R$ 167.978,25",Parque Iracema,66,Secretaria Executiva Regional 6,VIII,28,SEUMA,2023,EPSG: 31984 (SIRGAS 2000 - UTM 24S); Codificação: UTF-8
vw_OutorgaOnerosaDireitoConstruir.fid--16360be6_188534013f0_1055,20,POINT (-38.49329946827326 -3.809552815121526),Colmeia Felicita Empreendimentos,Mapeamento OODC,"<b>REQUERENTE:</b></br>	
Colmeia Felicita Empreendimentos Imobiliários LTDA
<p></p>
<b>Nº PROCESSO SEUMA:</b></br> 
7383/2013
<p></p>
<b>Nº ALVARÁ DE CONSTRUÇÃO:</b></br> 
1014
<p></p>
<b>ATIVIDADE:</b></br>
Residencial Multifamiliar (prédio de apartamentos) 
<p></p>
<b>ÍNDICE DE APROVEITAMENTO OUTORGADO:</b></br> 
0,50
<p></p>
<b>VALOR DA OUTORGA:</b></br> 
R$ 284.314,50",Parque Iracema,66,Secretaria Executiva Regional 6,VIII,28,SEUMA,2023,EPSG: 31984 (SIRGAS 2000 - UTM 24S); Codificação: UTF-8
vw_OutorgaOnerosaDireitoConstruir.fid--16360be6_188534013f0_1056,9,POINT (-38.47725548327324 -3.740649472267465),Dunnas Empreendimento,Mapeamento OODC,"<b>REQUERENTE:</b></br>	
Dunnas Empreendimento Imobiliário SPE LTDA
<p></p>
<b>Nº PROCESSO SEUMA:</b></br> 
10585/2011, 19393/2013 e 9745/2013
<p></p>
<b>Nº ALVARÁ DE CONSTRUÇÃO:</b></br> 
607
<p></p>
<b>ATIVIDADE:</b></br>
Conjunto Habitacional
<p></p>
<b>ÍNDICE DE APROVEITAMENTO OUTORGADO:</b></br> 
0,90
<p></p>
<b>VALOR DA OUTORGA:</b></br> 
R$ 370.737,00",Papicu,27,Secretaria Executiva Regional 2,III,8,SEUMA,2023,EPSG: 31984 (SIRGAS 2000 - UTM 24S); Codificação: UTF-8
vw_OutorgaOnerosaDireitoConstruir.fid--16360be6_188534013f0_1057,15,POINT (-38.48092914810067 -3.737872113801294),Portugal Plaza Incorporadora,Mapeamento OODC,"<b>REQUERENTE:</b></br>	
Portugal Plaza Incorporadora SPE LTDA
<p></p>
<b>Nº PROCESSO SEUMA:</b></br> 
3954/2012
<p></p>
<b>Nº ALVARÁ DE CONSTRUÇÃO:</b></br> 
862
<p></p>
<b>ATIVIDADE:</b></br>
Residencial Multifamiliar (prédio de apartamentos)
<p></p>
<b>ÍNDICE DE APROVEITAMENTO OUTORGADO:</b></br> 
0,90
<p></p>
<b>VALOR DA OUTORGA:</b></br> 
R$ 249.210,00",Papicu,27,Secretaria Executiva Regional 2,III,8,SEUMA,2023,EPSG: 31984 (SIRGAS 2000 - UTM 24S); Codificação: UTF-8
vw_OutorgaOnerosaDireitoConstruir.fid--16360be6_188534013f0_1058,32,POINT (-38.52902914687485 -3.753568086496802),Colméia Fátima Residence Emprendimento,Mapeamento OODC,"<b>REQUERENTE:</b></br>	
Colméia Fátima Residence Emprendimento Imobiliário LTDA
<p></p>
<b>Nº PROCESSO SEUMA:</b></br> 
2632/2014
<p></p>
<b>Nº ALVARÁ DE CONSTRUÇÃO:</b></br> 
254
<p></p>
<b>ATIVIDADE:</b></br>
Residencial Multifamiliar (prédio de apartamentos)
<p></p>
<b>ÍNDICE DE APROVEITAMENTO OUTORGADO:</b></br> 
0,79
<p></p>
<b>VALOR DA OUTORGA:</b></br> 
R$ 98.406,55",Fátima,16,Secretaria Executiva Regional 4,V,15,SEUMA,2023,EPSG: 31984 (SIRGAS 2000 - UTM 24S); Codificação: UTF-8
vw_OutorgaOnerosaDireitoConstruir.fid--16360be6_188534013f0_1059,23,POINT (-38.47998603790772 -3.806302475459453),Tâmara Construtora,Mapeamento OODC,"<b>REQUERENTE:</b></br>	
Tâmara Construtora LTDA ME
<p></p>
<b>Nº PROCESSO SEUMA:</b></br> 
3974/2012
<p></p>
<b>Nº ALVARÁ DE CONSTRUÇÃO:</b></br> 
43
<p></p>
<b>ATIVIDADE:</b></br>
Residencial Multifamiliar (prédio de apartamentos)  
<p></p>
<b>ÍNDICE DE APROVEITAMENTO OUTORGADO:</b></br> 
0,50
<p></p>
<b>VALOR DA OUTORGA:</b></br> 
R$ 147.753,84",Cambeba,53,Secretaria Executiva Regional 6,VIII,28,SEUMA,2023,EPSG: 31984 (SIRGAS 2000 - UTM 24S); Codificação: UTF-8
vw_OutorgaOnerosaDireitoConstruir.fid--16360be6_188534013f0_105a,33,POINT (-38.49497254144213 -3.748148683181368),DN América Empreendimento,Mapeamento OODC,"<b>REQUERENTE:</b></br>	
DN América Empreendimento Imobiliários SPE LTDA
<p></p>
<b>Nº PROCESSO SEUMA:</b></br> 
5638/2013
<p></p>
<b>Nº ALVARÁ DE CONSTRUÇÃO:</b></br> 
308
<p></p>
<b>ATIVIDADE:</b></br>
Comércio e Serviços Mútiplos
<p></p>
<b>ÍNDICE DE APROVEITAMENTO OUTORGADO:</b></br> 
0,87
<p></p>
<b>VALOR DA OUTORGA:</b></br> 
R$ 385.226,91",Dionísio Torres,14,Secretaria Executiva Regional 2,III,10,SEUMA,2023,EPSG: 31984 (SIRGAS 2000 - UTM 24S); Codificação: UTF-8
vw_OutorgaOnerosaDireitoConstruir.fid--16360be6_188534013f0_105b,100,POINT (-38.50585169740469 -3.810011696916749),Emanuel Alves Diniz,Mapeamento OODC,"<b>REQUERENTE:</b></br> 
Emanuel Alves Diniz
<p></p>
<b>Nº PROCESSO FORTALEZA ONLINE:</b></br> 
RAC2022493531 
<p></p>
<b>Nº ALVARÁ DE CONSTRUÇÃO:</b></br> 
AC00002922/2022
<p></p>
<b>ATIVIDADE:</b></br>
Residência Unifamiliar (Casa)
<p></p>
<b>ÍNDICE DE APROVEITAMENTO OUTORGADO:</b></br> 
0,21
<p></p>
<b>VALOR DA OUTORGA:</b></br> 
R$ 447,30",Cajazeiras,52,Secretaria Executiva Regional 9,IX,31,SEUMA,2023,EPSG: 31984 (SIRGAS 2000 - UTM 24S); Codificação: UTF-8
vw_OutorgaOnerosaDireitoConstruir.fid--16360be6_188534013f0_105c,22,POINT (-38.49195131364572 -3.799376204217274),Construtora Teixeira Oliveira,Mapeamento OODC,"<b>REQUERENTE:</b></br>	
Construtora Teixeira Oliveira LTDA
<p></p>
<b>Nº PROCESSO SEUMA:</b></br> 
13981/2012
<p></p>
<b>Nº ALVARÁ DE CONSTRUÇÃO:</b></br> 
288
<p></p>
<b>ATIVIDADE:</b></br>
Residencial Multifamiliar (prédio de apartamentos)
<p></p>
<b>ÍNDICE DE APROVEITAMENTO OUTORGADO:</b></br> 
0,32
<p></p>
<b>VALOR DA OUTORGA:</b></br> 
R$ 154.429,88",Cidade dos Funcionários,54,Secretaria Executiva Regional 6,VIII,27,SEUMA,2023,EPSG: 31984 (SIRGAS 2000 - UTM 24S); Codificação: UTF-8
vw_OutorgaOnerosaDireitoConstruir.fid--16360be6_188534013f0_105d,28,POINT (-38.47693949811993 -3.802438884984652),Integral André de Bernardi Incorporações,Mapeamento OODC,"<b>REQUERENTE:</b></br>	
Integral André de Bernardi Incorporações SPE LTDA
<p></p>
<b>Nº PROCESSO SEUMA:</b></br> 
5920/2013
<p></p>
<b>Nº ALVARÁ DE CONSTRUÇÃO:</b></br> 
269
<p></p>
<b>ATIVIDADE:</b></br>
Residencial Multifamiliar (prédio de apartamentos)
<p></p>
<b>ÍNDICE DE APROVEITAMENTO OUTORGADO:</b></br> 
0,50
<p></p>
<b>VALOR DA OUTORGA:</b></br> 
R$ 72.247,50",José de Alencar,49,Secretaria Executiva Regional 6,VIII,29,SEUMA,2023,EPSG: 31984 (SIRGAS 2000 - UTM 24S); Codificação: UTF-8
vw_OutorgaOnerosaDireitoConstruir.fid--16360be6_188534013f0_105e,35,POINT (-38.49476642755755 -3.763479814634393),Construtora Mota Machado,Mapeamento OODC,"<b>REQUERENTE:</b></br>	
Construtora Mota Machado LTDA
<p></p>
<b>Nº PROCESSO SEUMA:</b></br> 
18275/2013
<p></p>
<b>Nº ALVARÁ DE CONSTRUÇÃO:</b></br> 
327
<p></p>
<b>ATIVIDADE:</b></br>
Residencial Multifamiliar (prédio de apartamentos)
<p></p>
<b>ÍNDICE DE APROVEITAMENTO OUTORGADO:</b></br> 
0,49
<p></p>
<b>VALOR DA OUTORGA:</b></br> 
R$ 355.320,95",Salinas,71,Secretaria Executiva Regional 7,VII,24,SEUMA,2023,EPSG: 31984 (SIRGAS 2000 - UTM 24S); Codificação: UTF-8
vw_OutorgaOnerosaDireitoConstruir.fid--16360be6_188534013f0_105f,34,POINT (-38.47637100984262 -3.741954465597941),Idibra Participações,Mapeamento OODC,"<b>REQUERENTE:</b></br>	
Idibra Participações LTDA
<p></p>
<b>Nº PROCESSO SEUMA:</b></br> 
28345/2008 e 14963/2012
<p></p>
<b>Nº ALVARÁ DE CONSTRUÇÃO:</b></br> 
23298
<p></p>
<b>ATIVIDADE:</b></br>
Residencial Multifamiliar (prédio de apartamentos)
<p></p>
<b>ÍNDICE DE APROVEITAMENTO OUTORGADO:</b></br> 
0,30
<p></p>
<b>VALOR DA OUTORGA:</b></br> 
R$ 250.928,82",Papicu,27,Secretaria Executiva Regional 2,III,8,SEUMA,2023,EPSG: 31984 (SIRGAS 2000 - UTM 24S); Codificação: UTF-8
vw_OutorgaOnerosaDireitoConstruir.fid--16360be6_188534013f0_1060,38,POINT (-38.47396142080009 -3.746993838088689),Construtora Ara,Mapeamento OODC,"<b>REQUERENTE:</b></br>	
Construtora Ara LTDA
<p></p>
<b>Nº PROCESSO SEUMA:</b></br> 
4986/2014
<p></p>
<b>Nº ALVARÁ DE CONSTRUÇÃO:</b></br> 
450
<p></p>
<b>ATIVIDADE:</b></br>
Residencial Multifamiliar (prédio de apartamentos)
<p></p>
<b>ÍNDICE DE APROVEITAMENTO OUTORGADO:</b></br> 
0,99
<p></p>
<b>VALOR DA OUTORGA:</b></br> 
R$ 171.452,62",Cocó,11,Secretaria Executiva Regional 7,VII,23,SEUMA,2023,EPSG: 31984 (SIRGAS 2000 - UTM 24S); Codificação: UTF-8
vw_OutorgaOnerosaDireitoConstruir.fid--16360be6_188534013f0_1061,43,POINT (-38.47403017639593 -3.745647476951473),Empreendimentos Imobiliários Palácio do Parque,Mapeamento OODC,"<b>REQUERENTE:</b></br>	
Empreendimentos Imobiliários Palácio do Parque SPE LTDA
<p></p>
<b>Nº PROCESSO SEUMA:</b></br> 
2517/2014
<p></p>
<b>Nº ALVARÁ DE CONSTRUÇÃO:</b></br> 
791
<p></p>
<b>ATIVIDADE:</b></br>
Residencial Multifamiliar (prédio de apartamentos)
<p></p>
<b>ÍNDICE DE APROVEITAMENTO OUTORGADO:</b></br> 
1,00
<p></p>
<b>VALOR DA OUTORGA:</b></br> 
R$ 132.845,40",Cocó,11,Secretaria Executiva Regional 7,VII,23,SEUMA,2023,EPSG: 31984 (SIRGAS 2000 - UTM 24S); Codificação: UTF-8
vw_OutorgaOnerosaDireitoConstruir.fid--16360be6_188534013f0_1062,40,POINT (-38.48486487211206 -3.760182883314148),Colméia Lilac Empreendimentos,Mapeamento OODC,"<b>REQUERENTE:</b></br>	
Colméia Lilac Empreendimentos Imobiliários LTDA
<p></p>
<b>Nº PROCESSO SEUMA:</b></br> 
1212/2013
<p></p>
<b>Nº ALVARÁ DE CONSTRUÇÃO:</b></br> 
472
<p></p>
<b>ATIVIDADE:</b></br>
Residencial Multifamiliar (prédio de apartamentos)
<p></p>
<b>ÍNDICE DE APROVEITAMENTO OUTORGADO:</b></br> 
0,50
<p></p>
<b>VALOR DA OUTORGA:</b></br> 
R$ 111.488,30",Guararapes,60,Secretaria Executiva Regional 7,VII,24,SEUMA,2023,EPSG: 31984 (SIRGAS 2000 - UTM 24S); Codificação: UTF-8
vw_OutorgaOnerosaDireitoConstruir.fid--16360be6_188534013f0_1063,41,POINT (-38.48514860264412 -3.762188462207061),B2B Guararapes Empreendimentos,Mapeamento OODC,"<b>REQUERENTE:</b></br>	
B2B Guararapes Empreendimentos Imobiliários SPE LTDA
<p></p>
<b>Nº PROCESSO SEUMA:</b></br> 
4138/2014 
<p></p>
<b>Nº ALVARÁ DE CONSTRUÇÃO:</b></br> 
951
<p></p>
<b>ATIVIDADE:</b></br>
Residencial Multifamiliar (prédio de apartamentos)
<p></p>
<b>ÍNDICE DE APROVEITAMENTO OUTORGADO:</b></br> 
0,50
<p></p>
<b>VALOR DA OUTORGA:</b></br> 
R$ 80.467,02",Guararapes,60,Secretaria Executiva Regional 7,VII,24,SEUMA,2023,EPSG: 31984 (SIRGAS 2000 - UTM 24S); Codificação: UTF-8
vw_OutorgaOnerosaDireitoConstruir.fid--16360be6_188534013f0_1064,39,POINT (-38.49162555248974 -3.750837841802602),Salinas Empreendimento,Mapeamento OODC,"<b>REQUERENTE:</b></br>	
Salinas Empreendimento Imobiliário SPE LTDA
<p></p>
<b>Nº PROCESSO SEUMA:</b></br> 
28310/2013
<p></p>
<b>Nº ALVARÁ DE CONSTRUÇÃO:</b></br> 
710
<p></p>
<b>ATIVIDADE:</b></br>
Residencial Multifamiliar (prédio de apartamentos)
<p></p>
<b>ÍNDICE DE APROVEITAMENTO OUTORGADO:</b></br> 
1,00
<p></p>
<b>VALOR DA OUTORGA:</b></br> 
R$ 267.750,13",São João do Tauape,35,Secretaria Executiva Regional 2,III,10,SEUMA,2023,EPSG: 31984 (SIRGAS 2000 - UTM 24S); Codificação: UTF-8
vw_OutorgaOnerosaDireitoConstruir.fid--16360be6_188534013f0_1065,47,POINT (-38.47794462427441 -3.775842346708844),Engexata Engenharia,Mapeamento OODC,"<b>REQUERENTE:</b></br>	
Engexata Engenharia LTDA
<p></p>
<b>Nº PROCESSO SEUMA:</b></br> 
18707/2013
<p></p>
<b>Nº ALVARÁ DE CONSTRUÇÃO:</b></br> 
41
<p></p>
<b>ATIVIDADE:</b></br>
Hospedagem
<p></p>
<b>ÍNDICE DE APROVEITAMENTO OUTORGADO:</b></br> 
0,50
<p></p>
<b>VALOR DA OUTORGA:</b></br> 
R$ 129.306,76",Edson Queiroz,57,Secretaria Executiva Regional 7,VII,25,SEUMA,2023,EPSG: 31984 (SIRGAS 2000 - UTM 24S); Codificação: UTF-8
vw_OutorgaOnerosaDireitoConstruir.fid--16360be6_188534013f0_1066,48,POINT (-38.52713033363096 -3.739465372081228),Tâmara Construtora,Mapeamento OODC,"<b>REQUERENTE:</b></br>	
Tâmara Construtora LTDA ME
<p></p>
<b>Nº PROCESSO SEUMA:</b></br> 
21803/2013
<p></p>
<b>Nº ALVARÁ DE CONSTRUÇÃO:</b></br> 
144
<p></p>
<b>ATIVIDADE:</b></br>
Residencial Multifamiliar (prédio de apartamentos)
<p></p>
<b>ÍNDICE DE APROVEITAMENTO OUTORGADO:</b></br> 
0,53
<p></p>
<b>VALOR DA OUTORGA:</b></br> 
R$ 23.874,01",José Bonifácio,23,Secretaria Executiva Regional 4,V,15,SEUMA,2023,EPSG: 31984 (SIRGAS 2000 - UTM 24S); Codificação: UTF-8
vw_OutorgaOnerosaDireitoConstruir.fid--16360be6_188534013f0_1067,37,POINT (-38.47698834491543 -3.736052678036328),F.F. Agropecuária e Empreendimentos,Mapeamento OODC,"<b>REQUERENTE:</b></br>	
F.F. Agropecuária e Empreendimentos S/A
<p></p>
<b>Nº PROCESSO SEUMA:</b></br> 
23490/2013
<p></p>
<b>Nº ALVARÁ DE CONSTRUÇÃO:</b></br> 
342
<p></p>
<b>ATIVIDADE:</b></br>
Residencial Multifamiliar (prédio de apartamentos)
<p></p>
<b>ÍNDICE DE APROVEITAMENTO OUTORGADO:</b></br> 
0,72
<p></p>
<b>VALOR DA OUTORGA:</b></br> 
R$ 53.119,28",Papicu,27,Secretaria Executiva Regional 2,III,8,SEUMA,2023,EPSG: 31984 (SIRGAS 2000 - UTM 24S); Codificação: UTF-8
vw_OutorgaOnerosaDireitoConstruir.fid--16360be6_188534013f0_1068,45,POINT (-38.47639348337208 -3.742033960882789),Idibra Participações,Mapeamento OODC,"<b>REQUERENTE:</b></br>	
Idibra Participações LTDA
<p></p>
<b>Nº PROCESSO SEUMA:</b></br> 
28345/2008 e 10185/2017
<p></p>
<b>Nº ALVARÁ DE CONSTRUÇÃO:</b></br> 
23298
<p></p>
<b>ATIVIDADE:</b></br>
Residencial Multifamiliar (prédio de apartamentos)
<p></p>
<b>ÍNDICE DE APROVEITAMENTO OUTORGADO:</b></br> 
0,10
<p></p>
<b>VALOR DA OUTORGA:</b></br> 
R$ 83.642,94",Papicu,27,Secretaria Executiva Regional 2,III,8,SEUMA,2023,EPSG: 31984 (SIRGAS 2000 - UTM 24S); Codificação: UTF-8
vw_OutorgaOnerosaDireitoConstruir.fid--16360be6_188534013f0_1069,51,POINT (-38.52666998162376 -3.750517053658625),SPE Esplanada Empreendimentos,Mapeamento OODC,"<b>REQUERENTE:</b></br>	
SPE Esplanada Empreendimentos Imobiliários LTDA
<p></p>
<b>Nº PROCESSO SEUMA:</b></br> 
5039/2014
<p></p>
<b>Nº ALVARÁ DE CONSTRUÇÃO:</b></br> 
170
<p></p>
<b>ATIVIDADE:</b></br>
Residencial Multifamiliar (prédio de apartamentos)
<p></p>
<b>ÍNDICE DE APROVEITAMENTO OUTORGADO:</b></br> 
1,00
<p></p>
<b>VALOR DA OUTORGA:</b></br> 
R$ 142.331,47",Fátima,16,Secretaria Executiva Regional 4,V,15,SEUMA,2023,EPSG: 31984 (SIRGAS 2000 - UTM 24S); Codificação: UTF-8
vw_OutorgaOnerosaDireitoConstruir.fid--16360be6_188534013f0_106a,58,POINT (-38.52477349940211 -3.754590564897792),PMM Empreendimentos,Mapeamento OODC,"<b>REQUERENTE:</b></br>	
PMM Empreendimentos Imobiliários SPE LTDA
<p></p>
<b>Nº PROCESSO SEUMA:</b></br> 
10308/2015
<p></p>
<b>Nº ALVARÁ DE CONSTRUÇÃO:</b></br> 
516
<p></p>
<b>ATIVIDADE:</b></br>
Residencial Multifamiliar (prédio de apartamentos)
<p></p>
<b>ÍNDICE DE APROVEITAMENTO OUTORGADO:</b></br> 
1,00
<p></p>
<b>VALOR DA OUTORGA:</b></br> 
R$ 54.654,25 (outubro/2015)</br> 
R$ 33.589,38 (novembro/2015)</br> 
R$ 88.243,63 (total)",Fátima,16,Secretaria Executiva Regional 4,V,15,SEUMA,2023,EPSG: 31984 (SIRGAS 2000 - UTM 24S); Codificação: UTF-8
vw_OutorgaOnerosaDireitoConstruir.fid--16360be6_188534013f0_106b,61,POINT (-38.52890239501466 -3.747127164977214),Construtora Columbia,Mapeamento OODC,"<b>REQUERENTE:</b></br>	
Construtora Columbia LTDA
<p></p>
<b>Nº PROCESSO SEUMA:</b></br> 
15703/2015
<p></p>
<b>Nº ALVARÁ DE CONSTRUÇÃO:</b></br> 
159
<p></p>
<b>ATIVIDADE:</b></br>
Residencial Multifamiliar (prédio de apartamentos)
<p></p>
<b>ÍNDICE DE APROVEITAMENTO OUTORGADO:</b></br> 
0,90
<p></p>
<b>VALOR DA OUTORGA:</b></br> 
R$ 35.001,15",Fátima,16,Secretaria Executiva Regional 4,V,15,SEUMA,2023,EPSG: 31984 (SIRGAS 2000 - UTM 24S); Codificação: UTF-8
vw_OutorgaOnerosaDireitoConstruir.fid--16360be6_188534013f0_106c,63,POINT (-38.52734004063174 -3.753757998803727),Construtora e Imobiliária Britacet,Mapeamento OODC,"<b>REQUERENTE:</b></br>	
Construtora e Imobiliária Britacet LTDA
<p></p>
<b>Nº PROCESSO SEUMA:</b></br> 
993/2016
<p></p>
<b>Nº ALVARÁ DE CONSTRUÇÃO:</b></br> 
184
<p></p>
<b>ATIVIDADE:</b></br>
Residencial Multifamiliar (prédio de apartamentos)
<p></p>
<b>ÍNDICE DE APROVEITAMENTO OUTORGADO:</b></br> 
0,64
<p></p>
<b>VALOR DA OUTORGA:</b></br> 
R$ 29.609,60",Fátima,16,Secretaria Executiva Regional 4,V,15,SEUMA,2023,EPSG: 31984 (SIRGAS 2000 - UTM 24S); Codificação: UTF-8
vw_OutorgaOnerosaDireitoConstruir.fid--16360be6_188534013f0_106d,62,POINT (-38.47157349109983 -3.747629901979924),C Rolim Engenharia,Mapeamento OODC,"<b>REQUERENTE:</b></br>	
C Rolim Engenharia LTDA
<p></p>
<b>Nº PROCESSO SEUMA:</b></br> 
16136/2015
<p></p>
<b>Nº ALVARÁ DE CONSTRUÇÃO:</b></br> 
182
<p></p>
<b>ATIVIDADE:</b></br>
Residencial Multifamiliar (prédio de apartamentos)
<p></p>
<b>ÍNDICE DE APROVEITAMENTO OUTORGADO:</b></br> 
1,00
<p></p>
<b>VALOR DA OUTORGA:</b></br> 
R$ 207.766,74",Cocó,11,Secretaria Executiva Regional 7,VII,23,SEUMA,2023,EPSG: 31984 (SIRGAS 2000 - UTM 24S); Codificação: UTF-8
vw_OutorgaOnerosaDireitoConstruir.fid--16360be6_188534013f0_106e,55,POINT (-38.48346924407625 -3.761636350522814),Idibra Participações,Mapeamento OODC,"<b>REQUERENTE:</b></br>	
Idibra Participações S/A
<p></p>
<b>Nº PROCESSO SEUMA:</b></br> 
5274/2014 e 3753/2018
<p></p>
<b>Nº ALVARÁ DE CONSTRUÇÃO:</b></br> 
230
<p></p>
<b>ATIVIDADE:</b></br>
Comércio e Serviços Mútiplos
<p></p>
<b>ÍNDICE DE APROVEITAMENTO OUTORGADO:</b></br> 
0,2
<p></p>
<b>VALOR DA OUTORGA:</b></br> 
R$ 109.188,95",Guararapes,60,Secretaria Executiva Regional 7,VII,24,SEUMA,2023,EPSG: 31984 (SIRGAS 2000 - UTM 24S); Codificação: UTF-8
vw_OutorgaOnerosaDireitoConstruir.fid--16360be6_188534013f0_106f,60,POINT (-38.49376663528642 -3.76683467476103),Associação de Poupança e Empréstimo,Mapeamento OODC,"<b>REQUERENTE:</b></br>	
Associação de Poupança e Empréstimo Poupex
<p></p>
<b>Nº PROCESSO SEUMA:</b></br> 
10535/2015
<p></p>
<b>Nº ALVARÁ DE CONSTRUÇÃO:</b></br> 
170
<p></p>
<b>ATIVIDADE:</b></br>
Residencial Multifamiliar (prédio de apartamentos)
<p></p>
<b>ÍNDICE DE APROVEITAMENTO OUTORGADO:</b></br> 
0,54
<p></p>
<b>VALOR DA OUTORGA:</b></br> 
R$ 233.753,87",Guararapes,60,Secretaria Executiva Regional 7,VII,24,SEUMA,2023,EPSG: 31984 (SIRGAS 2000 - UTM 24S); Codificação: UTF-8
vw_OutorgaOnerosaDireitoConstruir.fid--16360be6_188534013f0_1070,52,POINT (-38.48835214734289 -3.806232988987111),Marquise 8 Empreendimentos,Mapeamento OODC,"<b>REQUERENTE:</b></br>	
Marquise 8 Empreendimentos Imobiliários LTDA
<p></p>
<b>Nº PROCESSO SEUMA:</b></br> 
9065/2011, 12658/2012 e 1727/2017
<p></p>
<b>Nº ALVARÁ DE CONSTRUÇÃO:</b></br> 
195
<p></p>
<b>ATIVIDADE:</b></br>
Residencial Multifamiliar (prédio de apartamentos)
<p></p>
<b>ÍNDICE DE APROVEITAMENTO OUTORGADO:</b></br> 
0,50
<p></p>
<b>VALOR DA OUTORGA:</b></br> 
R$ 481.473,28",Cambeba,53,Secretaria Executiva Regional 6,VIII,28,SEUMA,2023,EPSG: 31984 (SIRGAS 2000 - UTM 24S); Codificação: UTF-8
vw_OutorgaOnerosaDireitoConstruir.fid--16360be6_188534013f0_1071,56,POINT (-38.50052474264613 -3.751424817873088),C. Rolim Engenharia,Mapeamento OODC,"<b>REQUERENTE:</b></br>	
C. Rolim Engenharia LTDA
<p></p>
<b>Nº PROCESSO SEUMA:</b></br> 
3028/2015
<p></p>
<b>Nº ALVARÁ DE CONSTRUÇÃO:</b></br> 
360
<p></p>
<b>ATIVIDADE:</b></br>
Comércio e Serviços Múltiplos
<p></p>
<b>ÍNDICE DE APROVEITAMENTO OUTORGADO:</b></br> 
0,50
<p></p>
<b>VALOR DA OUTORGA:</b></br> 
R$ 341.735,03",Dionísio Torres,14,Secretaria Executiva Regional 2,III,10,SEUMA,2023,EPSG: 31984 (SIRGAS 2000 - UTM 24S); Codificação: UTF-8
vw_OutorgaOnerosaDireitoConstruir.fid--16360be6_188534013f0_1072,59,POINT (-38.48023223196491 -3.731668509491461),Francisco José Pontes,Mapeamento OODC,"<b>REQUERENTE:</b></br>	
Francisco José Pontes
<p></p>
<b>Nº PROCESSO SEUMA:</b></br> 
27718/2013
<p></p>
<b>Nº ALVARÁ DE CONSTRUÇÃO:</b></br> 
125
<p></p>
<b>ATIVIDADE:</b></br>
Residencial Multifamiliar (prédio de apartamentos)
<p></p>
<b>ÍNDICE DE APROVEITAMENTO OUTORGADO:</b></br> 
0,71
<p></p>
<b>VALOR DA OUTORGA:</b></br> 
R$ 40.485,77",Vicente Pinzon,37,Secretaria Executiva Regional 2,III,9,SEUMA,2023,EPSG: 31984 (SIRGAS 2000 - UTM 24S); Codificação: UTF-8
vw_OutorgaOnerosaDireitoConstruir.fid--16360be6_188534013f0_1073,64,POINT (-38.52089646911762 -3.75233464098253),ST Contruções,Mapeamento OODC,"<b>REQUERENTE:</b></br>	
ST Contruções LTDA EPP
<p></p>
<b>Nº PROCESSO SEUMA:</b></br> 
7728/2015
<p></p>
<b>Nº ALVARÁ DE CONSTRUÇÃO:</b></br> 
10
<p></p>
<b>ATIVIDADE:</b></br>
Residencial Multifamiliar (prédio de apartamentos)
<p></p>
<b>ÍNDICE DE APROVEITAMENTO OUTORGADO:</b></br> 
0,58
<p></p>
<b>VALOR DA OUTORGA:</b></br> 
R$ 18.544,44",Fátima,16,Secretaria Executiva Regional 4,V,15,SEUMA,2023,EPSG: 31984 (SIRGAS 2000 - UTM 24S); Codificação: UTF-8
vw_OutorgaOnerosaDireitoConstruir.fid--16360be6_188534013f0_1074,77,POINT (-38.48584653049986 -3.778155108358838),Monteplan Engenharia,Mapeamento OODC,"<b>REQUERENTE:</b></br>	
Monteplan Engenharia LTDA
<p></p>
<b>Nº PROCESSO SEUMA:</b></br> 
6195/2019 e 7846/2019
<p></p>
<b>Nº ALVARÁ DE CONSTRUÇÃO:</b></br> 
487
<p></p>
<b>ATIVIDADE:</b></br>
Residencial Multifamiliar (prédio de apartamentos)
<p></p>
<b>ÍNDICE DE APROVEITAMENTO OUTORGADO:</b></br> 
0,10
<p></p>
<b>VALOR DA OUTORGA:</b></br> 
R$ 8.318,94",Luciano Cavalcante,58,Secretaria Executiva Regional 7,VII,24,SEUMA,2023,EPSG: 31984 (SIRGAS 2000 - UTM 24S); Codificação: UTF-8
vw_OutorgaOnerosaDireitoConstruir.fid--16360be6_188534013f0_1075,70,POINT (-38.49797368279082 -3.732778425490295),Solar Praça Portugal Empreendimentos,Mapeamento OODC,"<b>REQUERENTE:</b></br>	
Solar Praça Portugal Empreendimentos Imobiliários S.A.
<p></p>
<b>Nº PROCESSO SEUMA:</b></br> 
10127/2017, 6012/2018 e 9247/2018
<p></p>
<b>Nº ALVARÁ DE CONSTRUÇÃO:</b></br> 
50
<p></p>
<b>ATIVIDADE:</b></br>
Residencial Multifamiliar (prédio de apartamentos)
<p></p>
<p></p>
<b>ÍNDICE DE APROVEITAMENTO OUTORGADO:</b></br> 
0,85
<p></p>
<b>VALOR DA OUTORGA:</b></br> 
Pagamento através do instrumento de Outorga Onerosa de Alteração de Uso do Solo (OOAU)",Meireles,24,Secretaria Executiva Regional 2,III,7,SEUMA,2023,EPSG: 31984 (SIRGAS 2000 - UTM 24S); Codificação: UTF-8
vw_OutorgaOnerosaDireitoConstruir.fid--16360be6_188534013f0_1076,72,POINT (-38.48388110213812 -3.780535793308181),Ápice Ravello Construtora,Mapeamento OODC,"<b>REQUERENTE:</b></br>	
Ápice Ravello Construtora LTDA
<p></p>
<b>N° PROCESSO SEUMA</b></br>
9646/2018
<p></p>
<b>Nº ALVARÁ DE CONSTRUÇÃO:</b></br> 
AC00000829/2018
<p></p>
<b>ATIVIDADE:</b></br>
Residencial Multifamiliar (prédio de apartamentos)
<p></p>
<b>ÍNDICE DE APROVEITAMENTO OUTORGADO:</b></br> 
0,10
<p></p>
<b>VALOR DA OUTORGA:</b></br> 
R$ 10.777,36",Luciano Cavalcante,58,Secretaria Executiva Regional 7,VII,24,SEUMA,2023,EPSG: 31984 (SIRGAS 2000 - UTM 24S); Codificação: UTF-8
vw_OutorgaOnerosaDireitoConstruir.fid--16360be6_188534013f0_1077,68,POINT (-38.47668341500339 -3.746058695568886),Varandas do Bosque Empreendimentos,Mapeamento OODC,"<b>REQUERENTE:</b></br>	
Varandas do Bosque Empreendimentos Imobiliários LTDA
<p></p>
<b>N° PROCESSO SEUMA:</b></br>
6977/2016 e 11570/2017
<p></p>
<b>Nº ALVARÁ DE CONSTRUÇÃO:</b></br> 
AC00000400/2017
<p></p>
<b>ATIVIDADE:</b></br>
Residencial Multifamiliar (prédio de apartamentos)
<p></p>
<b>ÍNDICE DE APROVEITAMENTO OUTORGADO:</b></br> 
1,00
<p></p>
<b>VALOR DA OUTORGA:</b></br> 
R$ 339.707,56",Cocó,11,Secretaria Executiva Regional 7,VII,23,SEUMA,2023,EPSG: 31984 (SIRGAS 2000 - UTM 24S); Codificação: UTF-8
vw_OutorgaOnerosaDireitoConstruir.fid--16360be6_188534013f0_1078,65,POINT (-38.48886859684086 -3.799894456426959),Lago Jacarey Empreendimento,Mapeamento OODC,"<b>REQUERENTE:</b></br>	
Lago Jacarey Empreendimento Imobiliário Ltda
<p></p>
<b>Nº PROCESSO:</b></br> 
20043/2015 - SEUMA
<p></p>
<b>Nº ALVARÁ DE CONSTRUÇÃO:</b></br> 
3
<p></p>
<b>ATIVIDADE:</b></br>
Residencial Multifamiliar (prédio de apartamentos)
<p></p>
<b>ÍNDICE DE APROVEITAMENTO OUTORGADO:</b></br> 
0,39
<p></p>
<b>VALOR DA OUTORGA:</b></br> 
R$ 168.207,14",Cidade dos Funcionários,54,Secretaria Executiva Regional 6,VIII,27,SEUMA,2023,EPSG: 31984 (SIRGAS 2000 - UTM 24S); Codificação: UTF-8
vw_OutorgaOnerosaDireitoConstruir.fid--16360be6_188534013f0_1079,69,POINT (-38.48872003801738 -3.728952356722115),Construtora R. Miranda,Mapeamento OODC,"<b>REQUERENTE:</b></br>	
Construtora R. Miranda LTDA
<p></p>
<b>N° PROCESSO SEUMA:</b></br>
8061/2018
<p></p>
<b>Nº ALVARÁ DE CONSTRUÇÃO:</b></br> 
AC00000821/2018
<p></p>
<b>ATIVIDADE:</b></br>
Residencial Multifamiliar (prédio de apartamentos)
<p></p>
<b>ÍNDICE DE APROVEITAMENTO OUTORGADO:</b></br> 
0,49
<p></p>
<b>VALOR DA OUTORGA:</b></br> 
R$ 367.376,12",Mucuripe,26,Secretaria Executiva Regional 2,III,9,SEUMA,2023,EPSG: 31984 (SIRGAS 2000 - UTM 24S); Codificação: UTF-8
vw_OutorgaOnerosaDireitoConstruir.fid--16360be6_188534013f0_107a,75,POINT (-38.48569285163559 -3.725154588365527),Construtora ARA,Mapeamento OODC,"<b>REQUERENTE:</b></br>	
Construtora ARA
<p></p>
<b>Nº PROCESSO SEUMA:</b></br> 
2834/2017 e 10067/2019
<p></p>
<b>Nº ALVARÁ DE CONSTRUÇÃO:</b></br> 
Ainda não foi emitido
<p></p>
<b>ATIVIDADE:</b></br>
Hotel Residência (apart-hotel e flat service)
<p></p>
<b>ÍNDICE DE APROVEITAMENTO OUTORGADO:</b></br> 
0,95
<p></p>
<b>VALOR DA OUTORGA:</b></br> 
Pagamento através do instrumento de Outorga Onerosa de Alteração de Uso do Solo (OOAU)",Mucuripe,26,Secretaria Executiva Regional 2,III,9,SEUMA,2023,EPSG: 31984 (SIRGAS 2000 - UTM 24S); Codificação: UTF-8
vw_OutorgaOnerosaDireitoConstruir.fid--16360be6_188534013f0_107b,67,POINT (-38.52074533295068 -3.738780901977313),Residencial Reserva Arboreto Empreendimentos,Mapeamento OODC,"<b>REQUERENTE:</b></br>	
Residencial Reserva Arboreto Empreendimentos Imobiliários SPE LTDA - EPP
<p></p>
<b>Nº PROCESSO SEUMA:</b></br> 
11671/2015
<p></p>
<b>Nº ALVARÁ DE CONSTRUÇÃO:</b></br> 
41
<p></p>
<b>ATIVIDADE:</b></br>
Residencial Multifamiliar (prédio de apartamentos)
<p></p>
<b>ÍNDICE DE APROVEITAMENTO OUTORGADO:</b></br> 
1,00
<p></p>
<b>VALOR DA OUTORGA:</b></br> 
R$ 274.126,01",Joaquim Távora,22,Secretaria Executiva Regional 2,III,10,SEUMA,2023,EPSG: 31984 (SIRGAS 2000 - UTM 24S); Codificação: UTF-8
vw_OutorgaOnerosaDireitoConstruir.fid--16360be6_188534013f0_107c,66,POINT (-38.47496985815812 -3.73795762931521),Boghos Boydjian,Mapeamento OODC,"<b>REQUERENTE:</b></br>	
Boghos Boydjian
<p></p>
<b>Nº PROCESSO SEUMA:</b></br> 
16667/2016
<p></p>
<b>Nº ALVARÁ DE CONSTRUÇÃO:</b></br> 
22
<p></p>
<b>ATIVIDADE:</b></br>
Residencial Multifamiliar (prédio de apartamentos)
<p></p>
<b>ÍNDICE DE APROVEITAMENTO OUTORGADO:</b></br> 
1,00
<p></p>
<b>VALOR DA OUTORGA:</b></br> 
R$ 85.571,48",Papicu,27,Secretaria Executiva Regional 2,III,8,SEUMA,2023,EPSG: 31984 (SIRGAS 2000 - UTM 24S); Codificação: UTF-8
vw_OutorgaOnerosaDireitoConstruir.fid--16360be6_188534013f0_107d,79,POINT (-38.50012669213554 -3.734354207937225),Legacy Condominium Empreendimentos,Mapeamento OODC,"<b>REQUERENTE:</b></br>	
Legacy Condominium Empreendimentos Imobiliários LTDA
<p></p>
<b>N° PROCESSO SEUMA:</b></br>
14748/2019
<p></p>
<b>Nº ALVARÁ DE CONSTRUÇÃO:</b></br> 
AC00001161/2019
<p></p>
<b>ATIVIDADE:</b></br>
Residencial Multifamiliar (prédio de apartamentos)
<p></p>
<b>ÍNDICE DE APROVEITAMENTO OUTORGADO:</b></br> 
1,54
<p></p>
<b>VALOR DA OUTORGA:</b></br> 
R$ 1.382.334,64",Aldeota,2,Secretaria Executiva Regional 2,III,7,SEUMA,2023,EPSG: 31984 (SIRGAS 2000 - UTM 24S); Codificação: UTF-8
vw_OutorgaOnerosaDireitoConstruir.fid--16360be6_188534013f0_107e,86,POINT (-38.48461402554678 -3.77227017291898),JS 134 Empreendimento,Mapeamento OODC,"<b>REQUERENTE:</b></br>	
JS 134 Empreendimento Imobiliário LTDA
<p></p>
<b>Nº PROCESSO FORTALEZA ONLINE:</b></br> 
RAC2021378263 
<p></p>
<b>Nº ALVARÁ DE CONSTRUÇÃO:</b></br> 
AC00002079/2021
<p></p>
<b>ATIVIDADE:</b></br>
Residencial Multifamiliar (unidades compactas)
<p></p>
<b>ÍNDICE DE APROVEITAMENTO OUTORGADO:</b></br> 
0,47
<p></p>
<b>VALOR DA OUTORGA:</b></br> 
R$ 39.193,77",Luciano Cavalcante,58,Secretaria Executiva Regional 7,VII,24,SEUMA,2023,EPSG: 31984 (SIRGAS 2000 - UTM 24S); Codificação: UTF-8
vw_OutorgaOnerosaDireitoConstruir.fid--16360be6_188534013f0_107f,71,POINT (-38.49391664856854 -3.731462924898691),Mota Machado e Oregon SPE 48 Construções,Mapeamento OODC,"<b>REQUERENTE:</b></br>	
Mota Machado e Oregon SPE 48 Construções e Incorporações LTDA
<p></p>
<b>N° PROCESSO SEUMA:</b></br>
17089/2017 e 8383/2018
<p></p>
<b>Nº ALVARÁ DE CONSTRUÇÃO:</b></br> 
AC00000858/2018
<p></p>
<b>ATIVIDADE:</b></br>
Residencial Multifamiliar (prédio de apartamentos)
<p></p>
<b>ÍNDICE DE APROVEITAMENTO OUTORGADO:</b></br> 
1,54
<p></p>
<b>VALOR DA OUTORGA:</b></br> 
R$ 1.881.759,75",Meireles,24,Secretaria Executiva Regional 2,III,7,SEUMA,2023,EPSG: 31984 (SIRGAS 2000 - UTM 24S); Codificação: UTF-8
vw_OutorgaOnerosaDireitoConstruir.fid--16360be6_188534013f0_1080,74,POINT (-38.49524069761117 -3.732477261377582),Evolution 1 Empreendimentos,Mapeamento OODC,"<b>REQUERENTE:</b></br>	
Evolution 1 Empreendimentos Imobiliários LTDA
<p></p>
<b>N° PROCESSO SEUMA:</b></br>
2819/2018 e 11976/2018
<p></p>
<b>Nº ALVARÁ DE CONSTRUÇÃO:</b></br> 
AC00000888/2018 
<p></p>
<b>ATIVIDADE:</b></br>
Residencial Multifamiliar (prédio de apartamentos)
<p></p>
<b>ÍNDICE DE APROVEITAMENTO OUTORGADO:</b></br> 
1,32
<p></p>
<b>VALOR DA OUTORGA:</b></br> 
R$ 629.801,19",Meireles,24,Secretaria Executiva Regional 2,III,7,SEUMA,2023,EPSG: 31984 (SIRGAS 2000 - UTM 24S); Codificação: UTF-8
vw_OutorgaOnerosaDireitoConstruir.fid--16360be6_188534013f0_1081,81,POINT (-38.47539171155039 -3.748189801109118),Flamboyant Empreendimentos,Mapeamento OODC,"<b>REQUERENTE:</b></br>	
Flamboyant Empreendimentos Imobiliários SPE LTDA
<p></p>
<b>N° PROCESSO FORTALEZA ONLINE:</b></br> 
RAC2020334031 
<p></p>
<b>Nº ALVARÁ DE CONSTRUÇÃO:</b></br> 
AC00001792/2020
<p></p>
<b>ATIVIDADE:</b></br>
Residencial Multifamiliar (unidades compactas) e Comércio Varejista de Mercadorias em geral
<p></p>
<b>ÍNDICE DE APROVEITAMENTO OUTORGADO:</b></br> 
1,02
<p></p>
<b>VALOR DA OUTORGA:</b></br> 
R$ 106.425,33",Cocó,11,Secretaria Executiva Regional 7,VII,23,SEUMA,2023,EPSG: 31984 (SIRGAS 2000 - UTM 24S); Codificação: UTF-8
vw_OutorgaOnerosaDireitoConstruir.fid--16360be6_188534013f0_1082,78,POINT (-38.4940153558121 -3.746669900521268),Tribeca Empreendimentos,Mapeamento OODC,"<b>REQUERENTE:</b></br>	
Tribeca Empreendimentos Imobiliários SPE LTDA
<p></p>
<b>Nº PROCESSO SEUMA:</b></br> 
27535/2013
<p></p>
<b>Nº ALVARÁ DE CONSTRUÇÃO:</b></br> 
AC00001295/2019
<p></p>
<b>ATIVIDADE:</b></br>
Residencial Multifamiliar (prédio de apartamentos)
<p></p>
<b>ÍNDICE DE APROVEITAMENTO OUTORGADO:</b></br> 
1,00
<p></p>
<b>VALOR DA OUTORGA:</b></br> 
R$ 432.034,85",Dionísio Torres,14,Secretaria Executiva Regional 2,III,10,SEUMA,2023,EPSG: 31984 (SIRGAS 2000 - UTM 24S); Codificação: UTF-8
vw_OutorgaOnerosaDireitoConstruir.fid--16360be6_188534013f0_1083,85,POINT (-38.50610446877408 -3.794659773673174),Julio Cesar Fonseca,Mapeamento OODC,"<b>REQUERENTE:</b></br>	
Julio Cesar Fonseca
<p></p>
<b>Nº PROCESSO FORTALEZA ONLINE:</b></br>
RAC2020367763
<p></p>
<b>Nº ALVARÁ DE CONSTRUÇÃO:</b></br> 
AC00002014/2020
<p></p>
<b>ATIVIDADE:</b></br>
Residencial Multifamiliar (prédio de apartamentos)
<p></p>
<b>ÍNDICE DE APROVEITAMENTO OUTORGADO:</b></br> 
0,50
<p></p>
<b>VALOR DA OUTORGA:</b></br> 
R$ 12.499,31",Cidade dos Funcionários,54,Secretaria Executiva Regional 6,VIII,27,SEUMA,2023,EPSG: 31984 (SIRGAS 2000 - UTM 24S); Codificação: UTF-8
vw_OutorgaOnerosaDireitoConstruir.fid--16360be6_188534013f0_1084,30,POINT (-38.47873306331205 -3.797493702353251),Corinthus Construtora,Mapeamento OODC,"<b>REQUERENTE:</b></br>	
Corinthus Construtora e Imobiliária LTDA
<p></p>
<b>Nº PROCESSO SEUMA:</b></br> 
981/2013
<p></p>
<b>Nº ALVARÁ DE CONSTRUÇÃO:</b></br> 
216
<p></p>
<b>ATIVIDADE:</b></br>
Residencial Multifamiliar (prédio de apartamentos)
<p></p>
<b>ÍNDICE DE APROVEITAMENTO OUTORGADO:</b></br> 
0,50
<p></p>
<b>VALOR DA OUTORGA:</b></br> 
R$ 86.697,00",Sapiranga,64,Secretaria Executiva Regional 7,VII,25,SEUMA,2023,EPSG: 31984 (SIRGAS 2000 - UTM 24S); Codificação: UTF-8
vw_OutorgaOnerosaDireitoConstruir.fid--16360be6_188534013f0_1085,80,POINT (-38.52071109893299 -3.734945045102395),HAPVIDA Assistência Médica,Mapeamento OODC,"<b>REQUERENTE:</b></br>	
HAPVIDA Assistência Médica LTDA
<p></p>
<b>Nº PROCESSO SEUMA:</b></br> 
S2020000360
<p></p>
<b>Nº ALVARÁ DE CONSTRUÇÃO:</b></br> 
AC00001776/2020
<p></p>
<b>ATIVIDADE:</b></br>
Plano de Saúde
<p></p>
<b>ÍNDICE DE APROVEITAMENTO OUTORGADO:</b></br> 
0,88
<p></p>
<b>VALOR DA OUTORGA:</b></br> 
R$ 41.981,94",Centro,10,Secretaria Executiva Regional 12,I,1,SEUMA,2023,EPSG: 31984 (SIRGAS 2000 - UTM 24S); Codificação: UTF-8
vw_OutorgaOnerosaDireitoConstruir.fid--16360be6_188534013f0_1086,1,POINT (-38.52268291297169 -3.750789428110362),Construtora Lira Coutinho,Mapeamento OODC,"<b>REQUERENTE:</b></br>	
Construtora Lira Coutinho LTDA
<p></p>
<b>Nº PROCESSO SEUMA:</b></br> 
4370/2010 e 11935/2016
<p></p>
<b>Nº ALVARÁ DE CONSTRUÇÃO:</b></br> 
948
<p></p>
<b>ATIVIDADE:</b></br>
Residencial Multifamiliar (prédio de apartamentos)
<p></p>
<b>ÍNDICE DE APROVEITAMENTO OUTORGADO:</b></br> 
0,44
<p></p>
<b>VALOR DA OUTORGA:</b></br> 
R$ 32.568,38",Fátima,16,Secretaria Executiva Regional 4,V,15,SEUMA,2023,EPSG: 31984 (SIRGAS 2000 - UTM 24S); Codificação: UTF-8
vw_OutorgaOnerosaDireitoConstruir.fid--16360be6_188534013f0_1087,97,POINT (-38.5244360893863 -3.748576647159909),MD CE Fátima,Mapeamento OODC,"<b>REQUERENTE:</b></br>	
MD CE Fátima Costruções LTDA
<p></p>
<b>Nº PROCESSO FORTALEZA ONLINE:</b></br> 
RAC2022459535 
<p></p>
<b>Nº ALVARÁ DE CONSTRUÇÃO:</b></br> 
AC00002671/2022
<p></p>
<b>ATIVIDADE:</b></br>
Residencial Multifamiliar (prédio de apartamentos) 
<p></p>
<b>ÍNDICE DE APROVEITAMENTO OUTORGADO:</b></br> 
0,80 + 0,20 = 1,00
<p></p>
<b>VALOR DA OUTORGA:</b></br> 
R$ 236.831,39 + R$ 65.376,78 = R$ 302.208,17",Fátima,16,Secretaria Executiva Regional 4,V,15,SEUMA,2023,EPSG: 31984 (SIRGAS 2000 - UTM 24S); Codificação: UTF-8
vw_OutorgaOnerosaDireitoConstruir.fid--16360be6_188534013f0_1088,96,POINT (-38.49763277189984 -3.737934933611987),Alves Lima SPE 03 Incorporações,Mapeamento OODC,"<b>REQUERENTE:</b></br>	
Alves Lima SPE 03 Incorporações Barbosa de Freitas
<p></p>
<b>Nº PROCESSO:</b></br> 
S2021024783
<p></p>
<b>Nº ALVARÁ DE CONSTRUÇÃO:</b></br> 
AC00002717/2022
<p></p>
<b>ATIVIDADE:</b></br>
Residencial Multifamiliar (prédio de apartamentos) 
<p></p>
<b>ÍNDICE DE APROVEITAMENTO OUTORGADO:</b></br> 
1,5
<p></p>
<b>VALOR DA OUTORGA:</b></br> 
R$ 1.707.339,00",Aldeota,2,Secretaria Executiva Regional 2,III,7,SEUMA,2023,EPSG: 31984 (SIRGAS 2000 - UTM 24S); Codificação: UTF-8
vw_OutorgaOnerosaDireitoConstruir.fid--16360be6_188534013f0_1089,89,POINT (-38.48482894736536 -3.743096407327342),BS Giovana Empreendimento,Mapeamento OODC,"<b>REQUERENTE:</b></br>	
BS Giovana Empreendimento Imobiliário LTDA
<p></p>
<b>Nº PROCESSO FORTALEZA ONLINE:</b></br> 
RAC2021393557
<p></p>
<b>Nº ALVARÁ DE CONSTRUÇÃO:</b></br> 
AC00002201/2021
<p></p>
<b>ATIVIDADE:</b></br>
Residencial Multifamiliar (prédio de apartamentos)
<p></p>
<b>ÍNDICE DE APROVEITAMENTO OUTORGADO:</b></br> 
1,04
<p></p>
<b>VALOR DA OUTORGA:</b></br> 
R$ 278.953,28",Cocó,11,Secretaria Executiva Regional 7,VII,23,SEUMA,2023,EPSG: 31984 (SIRGAS 2000 - UTM 24S); Codificação: UTF-8
vw_OutorgaOnerosaDireitoConstruir.fid--16360be6_188534013f0_108a,92,POINT (-38.48302109224152 -3.811612771780738),Pronefron Participações,Mapeamento OODC,"<b>REQUERENTE:</b></br>	
Pronefron Participações LTDA 
<p></p>
<b>Nº PROCESSO SEUMA:</b></br> 
S2020006414
<p></p>
<b>Nº ALVARÁ DE CONSTRUÇÃO:</b></br> 
Ainda não foi emitido
<p></p>
<b>ATIVIDADE:</b></br>
Clínica sem internamento (médica, odontológica, psicológica, etc)
<p></p>
<b>ÍNDICE DE APROVEITAMENTO OUTORGADO:</b></br> 
0,20
<p></p>
<b>VALOR DA OUTORGA:</b></br> 
Pagamento através do instrumento de Outorga Onerosa de Alteração de Uso do Solo (OOAU)",Cambeba,53,Secretaria Executiva Regional 6,VIII,28,SEUMA,2023,EPSG: 31984 (SIRGAS 2000 - UTM 24S); Codificação: UTF-8
vw_OutorgaOnerosaDireitoConstruir.fid--16360be6_188534013f0_108b,90,POINT (-38.4966317893704 -3.79274934266242),Antônio Pires de Sousa,Mapeamento OODC,"<b>REQUERENTE:</b></br>	
Antônio Pires de Sousa 
<p></p>
<b>Nº PROCESSO FORTALEZA ONLINE:</b></br> 
RAC2021395709
<p></p>
<b>Nº ALVARÁ DE CONSTRUÇÃO:</b></br> 
AC00002208/2021
<p></p>
<b>ATIVIDADE:</b></br>
Residencial Multifamiliar (unidades compactas)
<p></p>
<b>ÍNDICE DE APROVEITAMENTO OUTORGADO:</b></br> 
0,17
<p></p>
<b>VALOR DA OUTORGA:</b></br> 
R$ 2.026,50",Cidade dos Funcionários,54,Secretaria Executiva Regional 6,VIII,27,SEUMA,2023,EPSG: 31984 (SIRGAS 2000 - UTM 24S); Codificação: UTF-8
vw_OutorgaOnerosaDireitoConstruir.fid--16360be6_188534013f0_108c,93,POINT (-38.510250950694 -3.753395584036563),3333 Empreendimentos,Mapeamento OODC,"<b>REQUERENTE:</b></br>	
3333 Empreendimentos Imobiliários SPE LTDA 
<p></p>
<b>Nº PROCESSO FORTALEZA ONLINE:</b></br> 
RAC2021400506
<p></p>
<b>Nº ALVARÁ DE CONSTRUÇÃO:</b></br> 
AC00002337/2021
<p></p>
<b>ATIVIDADE:</b></br>
Residencial Multifamiliar (unidades compactas) 
<p></p>
<b>ÍNDICE DE APROVEITAMENTO OUTORGADO:</b></br> 
1,00
<p></p>
<b>VALOR DA OUTORGA:</b></br> 
R$ 107.293,39",São João do Tauape,35,Secretaria Executiva Regional 2,III,10,SEUMA,2023,EPSG: 31984 (SIRGAS 2000 - UTM 24S); Codificação: UTF-8
vw_OutorgaOnerosaDireitoConstruir.fid--16360be6_188534013f0_108d,98,POINT (-38.47786147067308 -3.794942468584398),Marquise 13 Empreendimentos,Mapeamento OODC,"<b>REQUERENTE:</b></br>	
Marquise 13 Empreendimentos Imobiliários LTDA
<p></p>
<b>Nº PROCESSO FORTALEZA ONLINE:</b></br> 
RAC2022460807
<p></p>
<b>Nº ALVARÁ DE CONSTRUÇÃO:</b></br> 
AC00002775/2022
<p></p>
<b>ATIVIDADE:</b></br>
Residencial Multifamiliar (unidades compactas) 
<p></p>
<b>ÍNDICE DE APROVEITAMENTO OUTORGADO:</b></br> 
0,49
<p></p>
<b>VALOR DA OUTORGA:</b></br> 
R$ 665.101,50",Sapiranga,64,Secretaria Executiva Regional 7,VII,25,SEUMA,2023,EPSG: 31984 (SIRGAS 2000 - UTM 24S); Codificação: UTF-8
vw_OutorgaOnerosaDireitoConstruir.fid--16360be6_188534013f0_108e,95,POINT (-38.52012802312417 -3.738986417385894),BS Jade Empreendimento,Mapeamento OODC,"<b>REQUERENTE:</b></br>	
BS Jade Empreendimento Imobiliário LTDA
<p></p>
<b>Nº PROCESSO FORTALEZA ONLINE:</b></br> 
RAC2021450803 
<p></p>
<b>Nº ALVARÁ DE CONSTRUÇÃO:</b></br> 
AC00002611/2021
<p></p>
<b>ATIVIDADE:</b></br>
Residencial Multifamiliar (prédio de apartamentos) 
<p></p>
<b>ÍNDICE DE APROVEITAMENTO OUTORGADO:</b></br> 
0,56
<p></p>
<b>VALOR DA OUTORGA:</b></br> 
R$ 85.333,04",Joaquim Távora,22,Secretaria Executiva Regional 2,III,10,SEUMA,2023,EPSG: 31984 (SIRGAS 2000 - UTM 24S); Codificação: UTF-8
vw_OutorgaOnerosaDireitoConstruir.fid--16360be6_188534013f0_108f,91,POINT (-38.52572623397722 -3.740475603888703),KIC - Fortaleza SPE Construções,Mapeamento OODC,"<b>REQUERENTE:</b></br>	
KIC - Fortaleza SPE construções e incorporações LTDA
<p></p>
<b>Nº PROCESSO SEUMA:</b></br> 
S2021014571 
<p></p>
<b>Nº ALVARÁ DE CONSTRUÇÃO:</b></br> 
AC00002379/2021
<p></p>
<b>ATIVIDADE:</b></br>
Residencial Multifamiliar (prédio de apartamentos)
<p></p>
<b>ÍNDICE DE APROVEITAMENTO OUTORGADO:</b></br> 
1,00
<p></p>
<b>VALOR DA OUTORGA:</b></br> 
R$ 325.159,31",José Bonifácio,23,Secretaria Executiva Regional 4,V,15,SEUMA,2023,EPSG: 31984 (SIRGAS 2000 - UTM 24S); Codificação: UTF-8
vw_OutorgaOnerosaDireitoConstruir.fid--16360be6_188534013f0_1090,99,POINT (-38.49495876673578 -3.739718076654543),RCB Incorporação,Mapeamento OODC,"<b>REQUERENTE:</b></br>	
RCB Incorporação e Construção LTDA
<p></p>
<b>Nº PROCESSO SEUMA:</b></br> 
S2021020758
<p></p>
<b>Nº ALVARÁ DE CONSTRUÇÃO:</b></br> 
Ainda não emitido
<p></p>
<b>ATIVIDADE:</b></br>
Residencial Multifamiliar (prédio de apartamentos) 
<p></p>
<b>ÍNDICE DE APROVEITAMENTO OUTORGADO:</b></br> 
1,50
<p></p>
<b>VALOR DA OUTORGA:</b></br> 
R$ 983.026,38 - substituição dessa contrapartida financeira da OODC pela execução do equipamento público Escola Areninha do Cuca Pici  R$ 1.136.257,50. O requerente aceita arcar com essa diferença de R$ 153.231,12.
<p></p>
<b>REUNIÃO CPPD:</b></br> 
Aprovado na 138ª reunião, em 27/04/2022
<p></p>
<b>Nº TERMO DE COMPROMISSO:</b></br>
Termo ainda não assinado",Aldeota,2,Secretaria Executiva Regional 2,III,7,SEUMA,2023,EPSG: 31984 (SIRGAS 2000 - UTM 24S); Codificação: UTF-8
vw_OutorgaOnerosaDireitoConstruir.fid--16360be6_188534013f0_1091,101,POINT (-38.49785200959703 -3.733841001234414),Praça Empreendimento,Mapeamento OODC,"<b>REQUERENTE:</b></br> 
Praça Empreendimento Imobiliaria SPE
<p></p>
<b>Nº PROCESSO FORTALEZA ONLINE:</b></br> 
RAC2022494954 
<p></p>
<b>Nº ALVARÁ DE CONSTRUÇÃO:</b></br> 
AC00002922/2022
<p></p>
<b>ATIVIDADE:</b></br>
Residencial Multifamiliar (prédio de apartamentos)
<p></p>
<b>ÍNDICE DE APROVEITAMENTO OUTORGADO:</b></br> 
1,46
<p></p>
<b>VALOR DA OUTORGA:</b></br> 
R$ 1.584.698,62",Aldeota,2,Secretaria Executiva Regional 2,III,7,SEUMA,2023,EPSG: 31984 (SIRGAS 2000 - UTM 24S); Codificação: UTF-8
vw_OutorgaOnerosaDireitoConstruir.fid--16360be6_188534013f0_1092,104,POINT (-38.49132620701317 -3.736397794378645),KIC - Fortaleza SPE 3,Mapeamento OODC,"<b>REQUERENTE:</b></br> 
KIC - Fortaleza SPE 3 Construções e Incorporações LTDA
<p></p>
<b>Nº PROCESSO FORTALEZA ONLINE:</b></br> 
RAC2022521186 
<p></p>
<b>Nº ALVARÁ DE CONSTRUÇÃO:</b></br> 
AC00003212/2022
<p></p>
<b>ATIVIDADE:</b></br>
Residência Multifamiliar (unidades compactas)
Residência Multifamiliar (prédio de apartamentos)
<p></p>
<b>ÍNDICE DE APROVEITAMENTO OUTORGADO:</b></br> 
1,49
<p></p>
<b>VALOR DA OUTORGA:</b></br> 
R$ 1.472.628,75",Aldeota,2,Secretaria Executiva Regional 2,III,7,SEUMA,2023,EPSG: 31984 (SIRGAS 2000 - UTM 24S); Codificação: UTF-8
vw_OutorgaOnerosaDireitoConstruir.fid--16360be6_188534013f0_1093,83,POINT (-38.50180657962428 -3.727429861586725),Marquise - Hemisphere Empreendimentos,Mapeamento OODC,"<b>REQUERENTE:</b></br>	
Marquise - Hemisphere Empreendimentos Imobiliários SPE LTDA
<p></p>
<b>N° PROCESSO FORTALEZA ONLINE:</b></br> 
RAC2020361715
<p></p>
<b>Nº ALVARÁ DE CONSTRUÇÃO:</b></br> 
AC00001383/2019
<p></p>
<b>ATIVIDADE:</b></br>
Residencial Multifamiliar (prédio de apartamentos)
<p></p>
<b>ÍNDICE DE APROVEITAMENTO OUTORGADO:</b></br> 
1,13
<p></p>
<b>VALOR DA OUTORGA:</b></br> 
R$ 767.959,25",Meireles,24,Secretaria Executiva Regional 2,III,7,SEUMA,2023,EPSG: 31984 (SIRGAS 2000 - UTM 24S); Codificação: UTF-8
vw_OutorgaOnerosaDireitoConstruir.fid--16360be6_188534013f0_1094,84,POINT (-38.51037229436933 -3.723593626088164),IA Empreendimentos,Mapeamento OODC,"<b>REQUERENTE:</b></br>	
IA Empreendimentos Imobiliários LTDA
<p></p>
<b>Nº PROCESSO SEUMA:</b></br> 
S2020002976
<p></p>
<b>Nº ALVARÁ DE CONSTRUÇÃO:</b></br> 
AC00001957/2020
<p></p>
<b>ATIVIDADE:</b></br>
Flats e apart-hoteis
<p></p>
<b>ÍNDICE DE APROVEITAMENTO OUTORGADO:</b></br> 
0,96
<p></p>
<b>VALOR DA OUTORGA:</b></br> 
Pagamento através do instrumento de Outorga Onerosa de Alteração de Uso do Solo (OOAU)",Meireles,24,Secretaria Executiva Regional 2,III,7,SEUMA,2023,EPSG: 31984 (SIRGAS 2000 - UTM 24S); Codificação: UTF-8
vw_OutorgaOnerosaDireitoConstruir.fid--16360be6_188534013f0_1095,87,POINT (-38.49764848622173 -3.731253749017137),Xampoo Construções,Mapeamento OODC,"<b>REQUERENTE:</b></br>	
Xampoo Construções LTDA
<p></p>
<b>Nº PROCESSO FORTALEZA ONLINE:</b></br> 
RAC2021372306
<p></p>
<b>Nº ALVARÁ DE CONSTRUÇÃO:</b></br> 
AC00002107/2021
<p></p>
<b>ATIVIDADE:</b></br>
Residencial Multifamiliar (prédio de apartamentos)
<p></p>
<b>ÍNDICE DE APROVEITAMENTO OUTORGADO:</b></br> 
1,49
<p></p>
<b>VALOR DA OUTORGA:</b></br> 
R$ 1.652.032,38",Meireles,24,Secretaria Executiva Regional 2,III,7,SEUMA,2023,EPSG: 31984 (SIRGAS 2000 - UTM 24S); Codificação: UTF-8
vw_OutorgaOnerosaDireitoConstruir.fid--16360be6_188534013f0_1096,24,POINT (-38.49340139164524 -3.772623739719725),PB Construções,Mapeamento OODC,"<b>REQUERENTE:</b></br>	
PB Construções LTDA
<p></p>
<b>Nº PROCESSO SEUMA:</b></br> 
16757/2013
<p></p>
<b>Nº ALVARÁ DE CONSTRUÇÃO:</b></br> 
171
<p></p>
<b>ATIVIDADE:</b></br>
Residencial Multifamiliar (prédio de apartamentos) 
<p></p>
<b>ÍNDICE DE APROVEITAMENTO OUTORGADO:</b></br> 
0,21
<p></p>
<b>VALOR DA OUTORGA:</b></br> 
R$ 17.898,69",Luciano Cavalcante,58,Secretaria Executiva Regional 7,VII,24,SEUMA,2023,EPSG: 31984 (SIRGAS 2000 - UTM 24S); Codificação: UTF-8
vw_OutorgaOnerosaDireitoConstruir.fid--16360be6_188534013f0_1097,25,POINT (-38.48322872112198 -3.781491438167764),Residencial Alpha Village,Mapeamento OODC,"<b>REQUERENTE:</b></br>	
Residencial Alpha Village SPE LTDA
<p></p>
<b>Nº PROCESSO SEUMA:</b></br> 
18892/2013
<p></p>
<b>Nº ALVARÁ DE CONSTRUÇÃO:</b></br> 
95
<p></p>
<b>ATIVIDADE:</b></br>
Residencial Multifamiliar (prédio de apartamentos)
<p></p>
<b>ÍNDICE DE APROVEITAMENTO OUTORGADO:</b></br> 
0,08
<p></p>
<b>VALOR DA OUTORGA:</b></br> 
R$ 11.140,74",Luciano Cavalcante,58,Secretaria Executiva Regional 7,VII,24,SEUMA,2023,EPSG: 31984 (SIRGAS 2000 - UTM 24S); Codificação: UTF-8
vw_OutorgaOnerosaDireitoConstruir.fid--16360be6_188534013f0_1098,26,POINT (-38.49240794063835 -3.771937880034925),Colméia Living Garden Empreendimentos,Mapeamento OODC,"<b>REQUERENTE:</b></br>	
Colméia Living Garden Empreendimentos Imobiliários LTDA
<p></p>
<b>Nº PROCESSO SEUMA:</b></br> 
17156/2013
<p></p>
<b>Nº ALVARÁ DE CONSTRUÇÃO:</b></br> 
122
<p></p>
<b>ATIVIDADE:</b></br>
Residencial Multifamiliar (prédio de apartamentos)
<p></p>
<b>ÍNDICE DE APROVEITAMENTO OUTORGADO:</b></br> 
0,23 
<p></p>
<b>VALOR DA OUTORGA:</b></br> 
R$ 186.970,10 
<p></p>",Luciano Cavalcante,58,Secretaria Executiva Regional 7,VII,24,SEUMA,2023,EPSG: 31984 (SIRGAS 2000 - UTM 24S); Codificação: UTF-8
vw_OutorgaOnerosaDireitoConstruir.fid--16360be6_188534013f0_1099,103,POINT (-38.49410014810348 -3.751269673601008),Construtora Columbia LTDA,Mapeamento OODC,"<b>REQUERENTE:</b></br> 
Construtora Columbia LTDA
<p></p>
<b>Nº PROCESSO FORTALEZA ONLINE:</b></br> 
RAC2022523043
<p></p>
<b>Nº ALVARÁ DE CONSTRUÇÃO:</b></br> 
AC00003156/2022
<p></p>
<b>ATIVIDADE:</b></br>
Residência Multifamiliar (prédio de apartamentos)
<p></p>
<b>ÍNDICE DE APROVEITAMENTO OUTORGADO:</b></br> 
0,49
<p></p>
<b>VALOR DA OUTORGA:</b></br> 
R$ 279.349,09",São João do Tauape,35,Secretaria Executiva Regional 2,III,10,SEUMA,2023,EPSG: 31984 (SIRGAS 2000 - UTM 24S); Codificação: UTF-8
vw_OutorgaOnerosaDireitoConstruir.fid--16360be6_188534013f0_109a,73,POINT (-38.49631760010818 -3.739535353625182),JS 126 - Empreendimento,Mapeamento OODC,"<b>REQUERENTE:</b></br>	
JS 126 - Empreendimento Imobiliário LTDA
<p></p>
<b>N° PROCESSO SEUMA:</b></br>
15661/2017 e 11051/2018
<p></p>
<b>Nº ALVARÁ DE CONSTRUÇÃO:</b></br> 
AC00000870/2018
<p></p>
<b>ATIVIDADE:</b></br>
Residencial Multifamiliar (prédio de apartamentos)
<p></p>
<b>ÍNDICE DE APROVEITAMENTO OUTORGADO:</b></br> 
0,66
<p></p>
<b>VALOR DA OUTORGA:</b></br> 
R$ 229.019,59",Aldeota,2,Secretaria Executiva Regional 2,III,7,SEUMA,2023,EPSG: 31984 (SIRGAS 2000 - UTM 24S); Codificação: UTF-8
vw_OutorgaOnerosaDireitoConstruir.fid--16360be6_188534013f0_109b,82,POINT (-38.49767054212384 -3.739867735569876),BS Flower Empreendimento,Mapeamento OODC,"<b>REQUERENTE:</b></br>	
BS Flower Empreendimento Imobiliário LTDA
<p></p>
<b>N° PROCESSO FORTALEZA ONLINE:</b></br> 
RAC2020343000
<p></p>
<b>Nº ALVARÁ DE CONSTRUÇÃO:</b></br> 
AC00001854/2020
<p></p>
<b>ATIVIDADE:</b></br>
Residencial Multifamiliar (prédio de apartamentos)
<p></p>
<b>ÍNDICE DE APROVEITAMENTO OUTORGADO:</b></br> 
1,54
<p></p>
<b>VALOR DA OUTORGA:</b></br> 
R$ 1.839.679,25",Aldeota,2,Secretaria Executiva Regional 2,III,7,SEUMA,2023,EPSG: 31984 (SIRGAS 2000 - UTM 24S); Codificação: UTF-8
vw_OutorgaOnerosaDireitoConstruir.fid--16360be6_188534013f0_109c,88,POINT (-38.49419370029407 -3.735997820850202),De Coronel Linhares Empreendimento,Mapeamento OODC,"<b>REQUERENTE:</b></br>	
De Coronel Linhares Empreendimento Imobiliário SPE LTDA
<p></p>
<b>Nº PROCESSO FORTALEZA ONLINE:</b></br> 
RAC2021388692
<p></p>
<b>Nº ALVARÁ DE CONSTRUÇÃO:</b></br> 
AC00002183/2021
<p></p>
<b>ATIVIDADE:</b></br>
Residencial Multifamiliar (prédio de apartamentos) e Centro de Compras (comércio varejista em geral)
<p></p>
<b>ÍNDICE DE APROVEITAMENTO OUTORGADO:</b></br> 
1,45
<p></p>
<b>VALOR DA OUTORGA:</b></br> 
R$ 1.306.639,88</b></br> 
R$      55.266,74</b></br> 
Total R$ 1.361.906,62",Aldeota,2,Secretaria Executiva Regional 2,III,7,SEUMA,2023,EPSG: 31984 (SIRGAS 2000 - UTM 24S); Codificação: UTF-8
vw_OutorgaOnerosaDireitoConstruir.fid--16360be6_188534013f0_109d,27,POINT (-38.48599289104352 -3.77178407644694),East Tower Empreendimentos,Mapeamento OODC,"<b>REQUERENTE:</b></br>	
East Tower Empreendimentos Imobiliários LTDA
<p></p>
<b>Nº PROCESSO SEUMA:</b></br> 
17188/2012
<p></p>
<b>Nº ALVARÁ DE CONSTRUÇÃO:</b></br> 
150
<p></p>
<b>ATIVIDADE:</b></br>
Residencial Multifamiliar (prédio de apartamentos)
<p></p>
<b>ÍNDICE DE APROVEITAMENTO OUTORGADO:</b></br> 
0,11
<p></p>
<b>VALOR DA OUTORGA:</b></br> 
R$ 14.524,65",Luciano Cavalcante,58,Secretaria Executiva Regional 7,VII,24,SEUMA,2023,EPSG: 31984 (SIRGAS 2000 - UTM 24S); Codificação: UTF-8
vw_OutorgaOnerosaDireitoConstruir.fid--16360be6_188534013f0_109e,29,POINT (-38.48515395784527 -3.776033066667096),Renata Empreendimento,Mapeamento OODC,"<b>REQUERENTE:</b></br>	
Renata Empreendimento Imobiliário LTDA
<p></p>
<b>Nº PROCESSO SEUMA:</b></br> 
18906/2013
<p></p>
<b>Nº ALVARÁ DE CONSTRUÇÃO:</b></br> 
198
<p></p>
<b>ATIVIDADE:</b></br>
Residencial Multifamiliar (prédio de apartamentos)
<p></p>
<b>ÍNDICE DE APROVEITAMENTO OUTORGADO:</b></br> 
0,19
<p></p>
<b>VALOR DA OUTORGA:</b></br> 
R$ 37.050,19",Luciano Cavalcante,58,Secretaria Executiva Regional 7,VII,24,SEUMA,2023,EPSG: 31984 (SIRGAS 2000 - UTM 24S); Codificação: UTF-8
vw_OutorgaOnerosaDireitoConstruir.fid--16360be6_188534013f0_109f,31,POINT (-38.48344125217776 -3.779311417804704),Ápice Torreselle Construtora,Mapeamento OODC,"<b>REQUERENTE:</b></br>	
Ápice Torreselle Construtora LTDA
<p></p>
<b>Nº PROCESSO SEUMA:</b></br> 
20237/2013
<p></p>
<b>Nº ALVARÁ DE CONSTRUÇÃO:</b></br> 
255
<p></p>
<b>ATIVIDADE:</b></br>
Residencial Multifamiliar (prédio de apartamentos)
<p></p>
<b>ÍNDICE DE APROVEITAMENTO OUTORGADO:</b></br> 
0,48
<p></p>
<b>VALOR DA OUTORGA:</b></br> 
R$ 35.949,89",Luciano Cavalcante,58,Secretaria Executiva Regional 7,VII,24,SEUMA,2023,EPSG: 31984 (SIRGAS 2000 - UTM 24S); Codificação: UTF-8
vw_OutorgaOnerosaDireitoConstruir.fid--16360be6_188534013f0_10a0,36,POINT (-38.48463514333787 -3.776360186176229),Ana Maria Empreendimentos,Mapeamento OODC,"<b>REQUERENTE:</b></br>	
Ana Maria Empreendimentos Imobiliários LTDA
<p></p>
<b>Nº PROCESSO SEUMA:</b></br> 
18902/2013
<p></p>
<b>Nº ALVARÁ DE CONSTRUÇÃO:</b></br> 
344
<p></p>
<b>ATIVIDADE:</b></br>
Residencial Multifamiliar (prédio de apartamentos)
<p></p>
<b>ÍNDICE DE APROVEITAMENTO OUTORGADO:</b></br> 
0,52
<p></p>
<b>VALOR DA OUTORGA:</b></br> 
R$ 77.317,01",Luciano Cavalcante,58,Secretaria Executiva Regional 7,VII,24,SEUMA,2023,EPSG: 31984 (SIRGAS 2000 - UTM 24S); Codificação: UTF-8
vw_OutorgaOnerosaDireitoConstruir.fid--16360be6_188534013f0_10a1,42,POINT (-38.48421134651196 -3.78092046553171),JS 129 Empreendimentos,Mapeamento OODC,"<b>REQUERENTE:</b></br>	
JS 129 Empreendimentos Imobiliários LTDA
<p></p>
<b>Nº PROCESSO SEUMA:</b></br> 
28266/2013
<p></p>
<b>Nº ALVARÁ DE CONSTRUÇÃO:</b></br> 
820
<p></p>
<b>ATIVIDADE:</b></br>
Residencial Multifamiliar (prédio de aoartamentos)
<p></p>
<b>ÍNDICE DE APROVEITAMENTO OUTORGADO:</b></br> 
0,43
<p></p>
<b>VALOR DA OUTORGA:</b></br> 
R$ 64.772,87",Luciano Cavalcante,58,Secretaria Executiva Regional 7,VII,24,SEUMA,2023,EPSG: 31984 (SIRGAS 2000 - UTM 24S); Codificação: UTF-8
vw_OutorgaOnerosaDireitoConstruir.fid--16360be6_188534013f0_10a2,50,POINT (-38.48875446509373 -3.775361185212094),Túlio Madson Arruda Coelho,Mapeamento OODC,"<b>REQUERENTE:</b></br>	
Túlio Madson Arruda Coelho
<p></p>
<b>Nº PROCESSO SEUMA:</b></br> 
23754/2013
<p></p>
<b>Nº ALVARÁ DE CONSTRUÇÃO:</b></br> 
202
<p></p>
<b>ATIVIDADE:</b></br>
Residencial Multifamiliar (prédio de apartamentos)
<p></p>
<b>ÍNDICE DE APROVEITAMENTO OUTORGADO:</b></br> 
0,50
<p></p>
<b>VALOR DA OUTORGA:</b></br> 
R$ 46.326,79",Luciano Cavalcante,58,Secretaria Executiva Regional 7,VII,24,SEUMA,2023,EPSG: 31984 (SIRGAS 2000 - UTM 24S); Codificação: UTF-8
vw_OutorgaOnerosaDireitoConstruir.fid--16360be6_188534013f0_10a3,53,POINT (-38.49125342847883 -3.773425712940834),José Wagner Teixeira Imóveis,Mapeamento OODC,"<b>REQUERENTE:</b></br>	
José Wagner Teixeira Imóveis e Incorporações LTDA
<p></p>
<b>Nº PROCESSO SEUMA:</b></br> 
2259/2013
<p></p>
<b>Nº ALVARÁ DE CONSTRUÇÃO:</b></br> 
176
<p></p>
<b>ATIVIDADE:</b></br>
Residencial Multifamiliar (prédio de apartamentos)
<p></p>
<b>ÍNDICE DE APROVEITAMENTO OUTORGADO:</b></br> 
0,30
<p></p>
<b>VALOR DA OUTORGA:</b></br> 
R$ 25.149,88",Luciano Cavalcante,58,Secretaria Executiva Regional 7,VII,24,SEUMA,2023,EPSG: 31984 (SIRGAS 2000 - UTM 24S); Codificação: UTF-8
vw_OutorgaOnerosaDireitoConstruir.fid--16360be6_188534013f0_10a4,54,POINT (-38.48458942375639 -3.784083260934878),RCI Construções e Empreendimentos,Mapeamento OODC,"<b>REQUERENTE:</b></br>	
RCI Construções e Empreendimentos Imobiliários SPE - V - EPP
<p></p>
<b>Nº PROCESSO SEUMA:</b></br> 
2911/2014
<p></p>
<b>Nº ALVARÁ DE CONSTRUÇÃO:</b></br> 
243
<p></p>
<b>ATIVIDADE:</b></br>
Residencial Multifamiliar (prédio de apartamentos)
<p></p>
<b>ÍNDICE DE APROVEITAMENTO OUTORGADO:</b></br> 
0,43
<p></p>
<b>VALOR DA OUTORGA:</b></br> 
R$ 52.509,38",Luciano Cavalcante,58,Secretaria Executiva Regional 7,VII,24,SEUMA,2023,EPSG: 31984 (SIRGAS 2000 - UTM 24S); Codificação: UTF-8
vw_OutorgaOnerosaDireitoConstruir.fid--16360be6_188534013f0_10a5,57,POINT (-38.48590699085118 -3.77817034696913),Newton Rodrigues de Sousa,Mapeamento OODC,"<b>REQUERENTE:</b></br>	
Newton Rodrigues de Sousa
<p></p>
<b>Nº PROCESSO SEUMA:</b></br> 
2208/2014
<p></p>
<b>Nº ALVARÁ DE CONSTRUÇÃO:</b></br> 
487
<p></p>
<b>ATIVIDADE:</b></br>
Residencial Multifamiliar (prédio de apartamentos)
<p></p>
<b>ÍNDICE DE APROVEITAMENTO OUTORGADO:</b></br> 
0,12
<p></p>
<b>VALOR DA OUTORGA:</b></br> 
R$ 7.752,87",Luciano Cavalcante,58,Secretaria Executiva Regional 7,VII,24,SEUMA,2023,EPSG: 31984 (SIRGAS 2000 - UTM 24S); Codificação: UTF-8
vw_OutorgaOnerosaDireitoConstruir.fid--16360be6_188534013f0_10a6,10,POINT (-38.47854390605215 -3.745848724570038),R & B Construções,Mapeamento OODC,"<b>REQUERENTE:</b></br>	
R & B Construções e Comércio LTDA
<p></p>
<b>Nº PROCESSO SEUMA:</b></br> 
14174/2012 e 11116/2017
<p></p>
<b>Nº ALVARÁ DE CONSTRUÇÃO:</b></br> 
78
<p></p>
<b>ATIVIDADE:</b></br>
Residencial Multifamiliar (prédio de apartamentos)
<p></p>
<b>ÍNDICE DE APROVEITAMENTO OUTORGADO:</b></br> 
1,00
<p></p>
<b>VALOR DA OUTORGA:</b></br> 
R$ 162.796,22",Cocó,11,Secretaria Executiva Regional 7,VII,23,SEUMA,2023,EPSG: 31984 (SIRGAS 2000 - UTM 24S); Codificação: UTF-8
vw_OutorgaOnerosaDireitoConstruir.fid--16360be6_188534013f0_10a7,11,POINT (-38.47855376816839 -3.744566011811628),Construtora Ara,Mapeamento OODC,"<b>REQUERENTE:</b></br>	
Construtora Ara LTDA
<p></p>
<b>Nº PROCESSO SEUMA:</b></br> 
13460/2012 e 5819/2016
<p></p>
<b>Nº ALVARÁ DE CONSTRUÇÃO:</b></br> 
724
<p></p>
<b>ATIVIDADE:</b></br>
Residencial Multifamiliar (prédio de apartamentos)
<p></p>
<b>ÍNDICE DE APROVEITAMENTO OUTORGADO:</b></br> 
1,00
<p></p>
<b>VALOR DA OUTORGA:</b></br> 
R$ 150.972,42",Cocó,11,Secretaria Executiva Regional 7,VII,23,SEUMA,2023,EPSG: 31984 (SIRGAS 2000 - UTM 24S); Codificação: UTF-8
vw_OutorgaOnerosaDireitoConstruir.fid--16360be6_188534013f0_10a8,21,POINT (-38.47171140800862 -3.746083505939437),MD CE José Borba Construções,Mapeamento OODC,"<b>REQUERENTE:</b></br>	
MD CE José Borba Construções LTDA
<p></p>
<b>Nº PROCESSO SEUMA:</b></br> 
18082/2012 e 19716/2015
<p></p>
<b>Nº ALVARÁ DE CONSTRUÇÃO:</b></br> 
31
<p></p>
<b>ATIVIDADE:</b></br>
Residencial Multifamiliar (prédio de apartamentos)
<p></p>
<b>ÍNDICE DE APROVEITAMENTO OUTORGADO:</b></br> 
0,30
<p></p>
<b>VALOR DA OUTORGA:</b></br> 
R$ 138.510,01",Cocó,11,Secretaria Executiva Regional 7,VII,23,SEUMA,2023,EPSG: 31984 (SIRGAS 2000 - UTM 24S); Codificação: UTF-8
vw_OutorgaOnerosaDireitoConstruir.fid--16360be6_188534013f0_10a9,44,POINT (-38.47455775989359 -3.744610879481276),Mirante Plus Residence Empreendimentos,Mapeamento OODC,"<b>REQUERENTE:</b></br>	
Mirante Plus Residence Empreendimentos Imobiliários SPE LTDA
<p></p>
<b>Nº PROCESSO SEUMA:</b></br> 
17201/2013
<p></p>
<b>Nº ALVARÁ DE CONSTRUÇÃO:</b></br> 
257
<p></p>
<b>ATIVIDADE:</b></br>
Residencial Multifamiliar (prédio de apartamentos) 
<p></p>
<b>ÍNDICE DE APROVEITAMENTO OUTORGADO:</b></br> 
1,00
<p></p>
<b>VALOR DA OUTORGA:</b></br> 
R$ 274.233,06",Cocó,11,Secretaria Executiva Regional 7,VII,23,SEUMA,2023,EPSG: 31984 (SIRGAS 2000 - UTM 24S); Codificação: UTF-8
vw_OutorgaOnerosaDireitoConstruir.fid--16360be6_188534013f0_10aa,102,POINT (-38.46875318688542 -3.746503766482887),MD CE Vilebaldo,Mapeamento OODC,"<b>REQUERENTE:</b></br> 
MD CE Vilebaldo Aguiar Construções LTDA
<p></p>
<b>Nº PROCESSO FORTALEZA ONLINE:</b></br> 
RAC 2022506086 
<p></p>
<b>Nº ALVARÁ DE CONSTRUÇÃO:</b></br> 
AC00003043/2022
<p></p>
<b>ATIVIDADE:</b></br>
Conjunto Habitacional (grupo de prédio de apartamentos)
<p></p>
<b>ÍNDICE DE APROVEITAMENTO OUTORGADO:</b></br> 
0,99
<p></p>
<b>VALOR DA OUTORGA:</b></br> 
R$ 835.216,75",Cocó,11,Secretaria Executiva Regional 7,VII,23,SEUMA,2023,EPSG: 31984 (SIRGAS 2000 - UTM 24S); Codificação: UTF-8
vw_OutorgaOnerosaDireitoConstruir.fid--16360be6_188534013f0_10ab,19,POINT (-38.48779972915044 -3.766249526608993),Mota Machado & Oregon SPE XXIV Construções,Mapeamento OODC,"<b>REQUERENTE:</b></br>	
Mota Machado & Oregon SPE XXIV Construções e Incorporações LTDA
<p></p>
<b>Nº PROCESSO SEUMA:</b></br> 
2012/2013 e 13868/2016
<p></p>
<b>Nº ALVARÁ DE CONSTRUÇÃO:</b></br> 
1085
<p></p>
<b>ATIVIDADE:</b></br>
Residencial Multifamiliar (prédio de apartamentos)
<p></p>
<b>ÍNDICE DE APROVEITAMENTO OUTORGADO:</b></br> 
0,50
<p></p>
<b>VALOR DA OUTORGA:</b></br> 
R$ 151.080,18",Guararapes,60,Secretaria Executiva Regional 7,VII,24,SEUMA,2023,EPSG: 31984 (SIRGAS 2000 - UTM 24S); Codificação: UTF-8
vw_OutorgaOnerosaDireitoConstruir.fid--16360be6_188534013f0_10ac,46,POINT (-38.48995550459227 -3.760621457098708),Construtora Marquise,Mapeamento OODC,"<b>REQUERENTE:</b></br>	
Construtora Marquise S/A
<p></p>
<b>Nº PROCESSO SEUMA:</b></br> 
10713/2014
<p></p>
<b>Nº ALVARÁ DE CONSTRUÇÃO:</b></br> 
1471
<p></p>
<b>ATIVIDADE:</b></br>
Residencial Multifamiliar (prédio de apartamentos)
<p></p>
<b>ÍNDICE DE APROVEITAMENTO OUTORGADO:</b></br> 
0,50
<p></p>
<b>VALOR DA OUTORGA:</b></br> 
R$ 229.048,60",Guararapes,60,Secretaria Executiva Regional 7,VII,24,SEUMA,2023,EPSG: 31984 (SIRGAS 2000 - UTM 24S); Codificação: UTF-8
vw_OutorgaOnerosaDireitoConstruir.fid--16360be6_188534013f0_10ad,49,POINT (-38.48823393016227 -3.762382743823217),Guararapes I Empreendimentos,Mapeamento OODC,"<b>REQUERENTE:</b></br>	
Guararapes I Empreendimentos Imobiliário LTDA
<p></p>
<b>Nº PROCESSO SEUMA:</b></br> 
7718/2014
<p></p>
<b>Nº ALVARÁ DE CONSTRUÇÃO:</b></br> 
164
<p></p>
<b>ATIVIDADE:</b></br>
Residencial Multifamiliar (prédio de apartamentos)
<p></p>
<b>ÍNDICE DE APROVEITAMENTO OUTORGADO:</b></br> 
0,50
<p></p>
<b>VALOR DA OUTORGA:</b></br> 
R$ 155.125,70",Guararapes,60,Secretaria Executiva Regional 7,VII,24,SEUMA,2023,EPSG: 31984 (SIRGAS 2000 - UTM 24S); Codificação: UTF-8
vw_OutorgaOnerosaDireitoConstruir.fid--16360be6_188534013f0_10ae,94,POINT (-38.4909623254195 -3.814321810983744),MRV MRL Plural 2 Incorporações,Mapeamento OODC,"<b>REQUERENTE:</b></br>	
MRV MRL Plural 2 Incorporações SPE LTDA 
<p></p>
<b>Nº PROCESSO FORTALEZA ONLINE:</b></br> 
RAC2021413259
<p></p>
<b>Nº ALVARÁ DE CONSTRUÇÃO:</b></br> 
AC00002343/2021
<p></p>
<b>ATIVIDADE:</b></br>
Residencial Multifamiliar (unidades compactas) 
<p></p>
<b>ÍNDICE DE APROVEITAMENTO OUTORGADO:</b></br> 
0,33
<p></p>
<b>VALOR DA OUTORGA:</b></br> 
R$ 172.246,19",Cambeba,53,Secretaria Executiva Regional 6,VIII,28,SEUMA,2023,EPSG: 31984 (SIRGAS 2000 - UTM 24S); Codificação: UTF-8
vw_OutorgaOnerosaDireitoConstruir.fid--16360be6_188534013f0_10af,76,POINT (-38.49638008988435 -3.748690555270429),Construtora R&B,Mapeamento OODC,"<b>REQUERENTE:</b></br>	
Construtora R&B LTDA
<p></p>
<b>Nº PROCESSO SEUMA:</b></br> 
12337/2017
<p></p>
<b>Nº ALVARÁ DE CONSTRUÇÃO:</b></br> 
24
<p></p>
<b>ATIVIDADE:</b></br>
Residencial Multifamiliar (prédio de apartamentos)
<p></p>
<b>ÍNDICE DE APROVEITAMENTO OUTORGADO:</b></br> 
0,58
<p></p>
<b>VALOR DA OUTORGA:</b></br> 
R$ 81.072,63",Dionísio Torres,14,Secretaria Executiva Regional 2,III,10,SEUMA,2023,EPSG: 31984 (SIRGAS 2000 - UTM 24S); Codificação: UTF-8
vw_OutorgaOnerosaDireitoConstruir.fid--16360be6_188534013f0_10b0,2,POINT (-38.52890482338317 -3.751714030074168),Mota Machado & Oregon SPE XXIV Construções,Mapeamento OODC,"<b>REQUERENTE:</b></br>	
Mota Machado & Oregon SPE XXIV Construções e Incorporações LTDA
<p></p>
<b>Nº PROCESSO SEUMA:</b></br> 
10474/2012 e 499/2016
<p></p>
<b>Nº ALVARÁ DE CONSTRUÇÃO:</b></br> 
338
<p></p>
<b>ATIVIDADE:</b></br>
Residencial Multifamiliar (prédio de apartamentos)
<p></p>
<b>ÍNDICE DE APROVEITAMENTO OUTORGADO:</b></br> 
1,00
<p></p>
<b>VALOR DA OUTORGA:</b></br> 
R$ 65.879,33",Fátima,16,Secretaria Executiva Regional 4,V,15,SEUMA,2023,EPSG: 31984 (SIRGAS 2000 - UTM 24S); Codificação: UTF-8
vw_OutorgaOnerosaDireitoConstruir.fid--16360be6_188534013f0_10b1,5,POINT (-38.48451250598272 -3.775482509763352),Galileia Incorporações,Mapeamento OODC,"<b>REQUERENTE:</b></br>	
Galileia Incorporações LTDA
<p></p>
<b>Nº PROCESSO SEUMA:</b></br> 
760/2012 e 16276/2015 - SEUMA
<p></p>
<b>Nº ALVARÁ DE CONSTRUÇÃO:</b></br> 
959
<p></p>
<b>ATIVIDADE:</b></br>
Residencial Multifamiliar (prédio de apartamentos)
<p></p>
<b>ÍNDICE DE APROVEITAMENTO OUTORGADO:</b></br> 
0,10
<p></p>
<b>VALOR DA OUTORGA:</b></br> 
R$ 38.892,01",Luciano Cavalcante,58,Secretaria Executiva Regional 7,VII,24,SEUMA,2023,EPSG: 31984 (SIRGAS 2000 - UTM 24S); Codificação: UTF-8
vw_OutorgaOnerosaDireitoConstruir.fid--16360be6_188534013f0_10b2,6,POINT (-38.491390231027 -3.770234648244746),Fibra Engenharia Eireli,Mapeamento OODC,"<b>REQUERENTE:</b></br>	
Fibra Engenharia Eireli
<p></p>
<b>Nº PROCESSO SEUMA:</b></br> 
1210/2013 e 5702/2015
<p></p>
<b>Nº ALVARÁ DE CONSTRUÇÃO:</b></br> 
598
<p></p>
<b>ATIVIDADE:</b></br>
Hotel residência
<p></p>
<b>ÍNDICE DE APROVEITAMENTO OUTORGADO:</b></br> 
0,20
<p></p>
<b>VALOR DA OUTORGA:</b></br> 
R$ 11.619,76",Luciano Cavalcante,58,Secretaria Executiva Regional 7,VII,24,SEUMA,2023,EPSG: 31984 (SIRGAS 2000 - UTM 24S); Codificação: UTF-8
vw_OutorgaOnerosaDireitoConstruir.fid--16360be6_188534013f0_10b3,8,POINT (-38.46881804580752 -3.747235438941766),JS 123 Empreendimentos,Mapeamento OODC,"<b>REQUERENTE:</b></br>	
JS 123 Empreendimentos Imobiliário LTDA
<p></p>
<b>Nº PROCESSO SEUMA:</b></br> 
3545/2013 e 14732/2017
<p></p>
<b>Nº ALVARÁ DE CONSTRUÇÃO:</b></br> 
661
<p></p>
<b>ATIVIDADE:</b></br>
Residencial Multifamiliar (prédio de apartamentos)
<p></p>
<b>ÍNDICE DE APROVEITAMENTO OUTORGADO:</b></br> 
1,00				
<p></p>
<b>VALOR DA OUTORGA:</b></br> 
R$ 158.560,54",Cocó,11,Secretaria Executiva Regional 7,VII,23,SEUMA,2023,EPSG: 31984 (SIRGAS 2000 - UTM 24S); Codificação: UTF-8
vw_OutorgaOnerosaDireitoConstruir.fid--16360be6_188534013f0_10b4,3,POINT (-38.48685346946783 -3.760223585145527),Engexata Engenharia,Mapeamento OODC,"<b>REQUERENTE:</b></br>	
Engexata Engenharia LTDA
<p></p>
<b>Nº PROCESSO SEUMA:</b></br> 
813/2012, 2411/2015 e 693/2016
<p></p>
<b>Nº ALVARÁ DE CONSTRUÇÃO:</b></br> 
386
<p></p>
<b>ATIVIDADE:</b></br>
Residencial Multifamiliar (prédio de apartamentos)
<p></p>
<b>ÍNDICE DE APROVEITAMENTO OUTORGADO:</b></br> 
0,14
<p></p>
<b>VALOR DA OUTORGA:</b></br> 
R$ 36.171,08",Guararapes,60,Secretaria Executiva Regional 7,VII,24,SEUMA,2023,EPSG: 31984 (SIRGAS 2000 - UTM 24S); Codificação: UTF-8
vw_OutorgaOnerosaDireitoConstruir.fid--16360be6_188534013f0_10b5,7,POINT (-38.48526063282295 -3.760962639395849),José Wagner Teixeira Imóveis,Mapeamento OODC,"<b>REQUERENTE:</b></br>	
José Wagner Teixeira Imóveis e Incorporações LTDA
<p></p>
<b>Nº PROCESSO SEUMA:</b></br> 
4940/2012 e 722/2017
<p></p>
<b>Nº ALVARÁ DE CONSTRUÇÃO:</b></br> 
552
<p></p>
<b>ATIVIDADE:</b></br>
Residencial Multifamiliar (prédio de apartamentos)
<p></p>
<b>ÍNDICE DE APROVEITAMENTO OUTORGADO:</b></br> 
0,10
<p></p>
<b>VALOR DA OUTORGA:</b></br> 
R$ 10.329,14",Guararapes,60,Secretaria Executiva Regional 7,VII,24,SEUMA,2023,EPSG: 31984 (SIRGAS 2000 - UTM 24S); Codificação: UTF-8
vw_OutorgaOnerosaDireitoConstruir.fid--16360be6_188534013f0_10b6,4,POINT (-38.50948338179878 -3.832692495017811),Porto Freire Engenharia,Mapeamento OODC,"<b>REQUERENTE:</b></br>	
Porto Freire Engenharia e Incorporação LTDA
<p></p>
<b>Nº PROCESSO SEUMA:</b></br> 
2789/2012 e 2733/2015
<p></p>
<b>Nº ALVARÁ DE CONSTRUÇÃO:</b></br> 
527
<p></p>
<b>ATIVIDADE:</b></br>
Residencial Multifamiliar (prédio de apartamentos)
<p></p>
<b>ÍNDICE DE APROVEITAMENTO OUTORGADO:</b></br> 
0,21
<p></p>
<b>VALOR DA OUTORGA:</b></br> 
R$ 9.966,22",Jangurussu,61,Secretaria Executiva Regional 9,IX,32,SEUMA,2023,EPSG: 31984 (SIRGAS 2000 - UTM 24S); Codificação: UTF-8
