FID,geom,id,nome,tipo,oferta,inep,endereco,numero,bairro,cod_bairro,CEP,territorio,distrito,sefor,regional,telefone,email,UTM_E,UTM_N,fonte,ano_ref,espg_codif
vw_ParqueEscolarEstadual.fid--16360be6_1884ec8ee50_647f,POINT (-38.508826383739915 -3.8550811952624118),1,MÁRIO ALENCAR,EEEP,M,23323434,RUA VERDE 44,97,JANGURUSSU,61,60876-670,32,6,2,SR9,3275-6593,MARIOALENCAR@ESCOLA.CE.GOV.BR,554533.14,9573875.53,SME,2021,EPSG: 31984 (SIRGAS 2000 - UTM 24S); Codificação: UTF-8
vw_ParqueEscolarEstadual.fid--16360be6_1884ec8ee50_6480,POINT (-38.61051905216192 -3.785680100782341),2,ÍCARO DE SOUSA MOREIRA,EEEP,M,23323426,RUA JOSÉ MARTINS,2246,GRANJA LISBOA,78,60540-545,39,5,3,SR5,3101-7749,ADAILTONSOU@YAHOO.COM.BR,543245.87,9581552.78,SME,2021,EPSG: 31984 (SIRGAS 2000 - UTM 24S); Codificação: UTF-8
vw_ParqueEscolarEstadual.fid--16360be6_1884ec8ee50_6481,POINT (-38.49360690174827 -3.767732539419239),3,JOHNSON,EEMTI,M,23069546,RUA DOUTORA SOCORRO AZEVEDO,S/N,LUCIANO CAVALCANTE,58,60810-400,24,2,2,SR7,3101-6153,JOHNSON@ESCOLA.CE.GOV.BR,556228.62,9583529.99,SME,2021,EPSG: 31984 (SIRGAS 2000 - UTM 24S); Codificação: UTF-8
vw_ParqueEscolarEstadual.fid--16360be6_1884ec8ee50_6482,POINT (-38.58221968010756 -3.70098932777709),4,PAULO PETROLA,EEEP,M,23323418,RUA SALDARIA,S/N,BARRA DO CEARÁ,6,60330-320,3,1,1,SR1,3238-6592,PAULOPETROLA@ESCOLA.CE.GOV.BR,546392.59,9590912.85,SME,2021,EPSG: 31984 (SIRGAS 2000 - UTM 24S); Codificação: UTF-8
vw_ParqueEscolarEstadual.fid--16360be6_1884ec8ee50_6483,POINT (-38.60403611586051 -3.8083016624508774),5,SÃO FRANCISCO DE ASSIS,EEM,M,23233168,RUA SÃO FELIPE,S/N,CANINDEZINHO,72,60731-020,34,5,3,SR10,3101-6112,SFASSISCAN@ESCOLA.CE.GOV.BR,543964.57,9579051.93,SME,2021,EPSG: 31984 (SIRGAS 2000 - UTM 24S); Codificação: UTF-8
vw_ParqueEscolarEstadual.fid--16360be6_1884ec8ee50_6484,POINT (-38.47149174722098 -3.790598012465965),6,JOÃO NOGUEIRA JUCÁ,EEMTI,M,23252294,RUA JOSÉ FÉLIX DE LIMA,313,SAPIRANGA/COITÉ,64,60876-670,25,2,2,SR7,3101-2159,JNJUCA@ESCOLA.CE.GOV.BR,558682.76,9581001.00,SME,2021,EPSG: 31984 (SIRGAS 2000 - UTM 24S); Codificação: UTF-8
vw_ParqueEscolarEstadual.fid--16360be6_1884ec8ee50_6485,POINT (-38.49444019227163 -3.8304322345601958),7,MILTON CUNHA,CEJA,F2/M,23236582,RUA PADRE PEDRO DE ALENCAR,328,MESSEJANA,65,60840-280,28,6,1,SR6,3101-2075,CEJAMILTONCUNHA@ESCOLA.CE.GOV.BR,556132.04,9576599.27,SME,2021,EPSG: 31984 (SIRGAS 2000 - UTM 24S); Codificação: UTF-8
vw_ParqueEscolarEstadual.fid--16360be6_1884ec8ee50_6486,POINT (-38.61781530496388 -3.785560542270304),8,MICHELSON NOBRE DA SILVA,EEM,M,23233893,RUA OSCAR ARARIPE,3037,GRANJA LISBOA,78,60876-670,39,5,3,SR5,3101-6120,MICHELSON@ESCOLA.CE.GOV.BR,542435.73,9581566.36,SME,2021,EPSG: 31984 (SIRGAS 2000 - UTM 24S); Codificação: UTF-8
vw_ParqueEscolarEstadual.fid--16360be6_1884ec8ee50_6487,POINT (-38.56993302827378 -3.8325940639001206),9,LICEU PROFESSOR DOMINGOS BRASILEIRO,EEM,M,23272058,RUA PLANALTINA,S/N,PLANALTO AYRTON SENNA,116,60760-480,21,4,3,SR8,3473-6597,LICEUPANTANAL@ESCOLA.CE.GOV.BR,547749.82,9576364.88,SME,2021,EPSG: 31984 (SIRGAS 2000 - UTM 24S); Codificação: UTF-8
vw_ParqueEscolarEstadual.fid--16360be6_1884ec8ee50_6488,POINT (-38.58982451585813 -3.800267592648233),10,SÃO JOSÉ,EEM,M,23264985,RUA DESEMBARGADOR FROTA,397,PARQUE SÃO JOSÉ,86,60730-270,34,5,3,SR10,3101-3046,SAOJOSE@ESCOLA.CE.GOV.BR,545542.95,9579939.26,SME,2021,EPSG: 31984 (SIRGAS 2000 - UTM 24S); Codificação: UTF-8
vw_ParqueEscolarEstadual.fid--16360be6_1884ec8ee50_6489,POINT (-38.55832645381446 -3.8346221678702266),11,JOSÉ WALTER,CEJA,F2/M,23225262,AVENIDA L,1101,PREFEITO JOSÉ WALTER,89,60750-110,21,4,1,SR8,3101-2990,CEJAJWALTER@ESCOLA.CE.GOV.BR,549038.39,9576140.04,SME,2021,EPSG: 31984 (SIRGAS 2000 - UTM 24S); Codificação: UTF-8
vw_ParqueEscolarEstadual.fid--16360be6_1884ec8ee50_648a,POINT (-38.602008919756166 -3.795506091474348),12,SANTO AMARO,EEM,M,23225360,RUA NOVA CONQUISTA,871,BOM JARDIM,72,60543-355,39,5,3,SR5,3101-6119,SANTOAMARO@ESCOLA.CE.GOV.BR,544190.31,9580466.22,SME,2021,EPSG: 31984 (SIRGAS 2000 - UTM 24S); Codificação: UTF-8
vw_ParqueEscolarEstadual.fid--16360be6_1884ec8ee50_648b,POINT (-38.58262341400136 -3.799025263313109),13,PROFESSOR MÁRIO SCHENBERG,EEM,M,23225386,RUA AMÉRICO ROCHA LIMA,835,VILA MANOEL SÁTIRO,81,60713-240,35,5,3,SR10,3101-2978,MSCHEMBERG@ESCOLA.CE.GOV.BR,546342.59,9580076.20,SME,2021,EPSG: 31984 (SIRGAS 2000 - UTM 24S); Codificação: UTF-8
vw_ParqueEscolarEstadual.fid--16360be6_1884ec8ee50_648c,POINT (-38.539134620207335 -3.7394753333302466),14,PROFESSOR JOSÉ NEUDSON BRAGA,CEJA,F2/M,23188510,AVENIDA CARAPINIMA,2137,BENFICA,7,60015-290,15,4,1,SR4,3101-6575/3214-1139,CEJANBRAGA@ESCOLA.CE.GOV.BR,551174.87,9586656.30,SME,2021,EPSG: 31984 (SIRGAS 2000 - UTM 24S); Codificação: UTF-8
vw_ParqueEscolarEstadual.fid--16360be6_1884ec8ee50_648d,POINT (-38.57225627512203 -3.7787813183970047),15,PROFESSOR MOREIRA CAMPOS,CEJA,F2/M,23225653,RUA JÚLIO BRAGA,101,PARANGABA,105,60720-640,17,4,1,SR4,3225-2656,CEJAMCAMPOS@ESCOLA.CE.GO.BR,547494.81,9582313.36,SME,2021,EPSG: 31984 (SIRGAS 2000 - UTM 24S); Codificação: UTF-8
vw_ParqueEscolarEstadual.fid--16360be6_1884ec8ee50_648e,POINT (-38.585003551668635 -3.7625315671212616),16,JOÃO PAULO II,EEFM,F2/M,23264721,AVENIDA PROF. HERIBALDO COSTA,1125,HENRIQUE JORGE,45,60521-055,37,3,1,SR11,3496-7945,VALMIR_GUIMARAES@HOTMAIL.COM,546080.24,9584110.26,SME,2021,EPSG: 31984 (SIRGAS 2000 - UTM 24S); Codificação: UTF-8
vw_ParqueEscolarEstadual.fid--16360be6_1884ec8ee50_648f,POINT (-38.58465646757487 -3.7363997700462206),17,PROFESSORA MARIA EUDES VERAS,CEJA,F2/M,23234105,AVENIDA DEMÉTRIO MENEZES,130,ANTÔNIO BEZERRA,40,60356-552,11,3,1,SR3,3101-4924,EVERAS@ESCOLA.CE.GOV.BR,546120.15,9586998.79,SME,2021,EPSG: 31984 (SIRGAS 2000 - UTM 24S); Codificação: UTF-8
vw_ParqueEscolarEstadual.fid--16360be6_1884ec8ee50_6490,POINT (-38.58831106170803 -3.737594456717306),18,INSTITUTO DOS CEGOS,EEF,F2,23186399,RUA DR. JOÃO GUILHERME,373,ANTÔNIO BEZERRA,40,60356-770,11,3,2,SR3,3101-5083,ICEGOS@ESCOLA.CE.GOV.BR,545714.27,9586866.92,SME,2021,EPSG: 31984 (SIRGAS 2000 - UTM 24S); Codificação: UTF-8
vw_ParqueEscolarEstadual.fid--16360be6_1884ec8ee50_6491,POINT (-38.624272179584054 -3.78515134643887),19,POETA PATATIVA DO ASSARÉ,EEM,M,23233885,RUA DESCARTE BRAGA,3185 A,GRANJA LISBOA,78,60876-670,39,5,3,SR5,3101-6115,PATATIVA@ESCOLA.CE.GOV.BR,541718.80,9581611.91,SME,2021,EPSG: 31984 (SIRGAS 2000 - UTM 24S); Codificação: UTF-8
vw_ParqueEscolarEstadual.fid--16360be6_1884ec8ee50_6492,POINT (-38.53140614291252 -3.7498391308951895),20,GOVERNADOR ADAUTO BEZERRA,EEM,M,23064684,RUA MONSENHOR LIBERATO,1850,FÁTIMA,16,60411-150,15,4,3,SR4,3101-2073,ADAUTOB@ESCOLA.CE.GOV.BR,552032.45,9585510.25,SME,2021,EPSG: 31984 (SIRGAS 2000 - UTM 24S); Codificação: UTF-8
vw_ParqueEscolarEstadual.fid--16360be6_1884ec8ee50_6493,POINT (-38.49792780171015 -3.859543918228167),21,POETA OTACÍLIO COLARES,EEMTI,M,23214457,RUA JORGE DA VEIGA,265,ANCURI,50,60873-205,33,6,2,SR9,3101-2161,OCOLARES@ESCOLA.CE.GOV.BR,555742.91,9573381.51,SME,2021,EPSG: 31984 (SIRGAS 2000 - UTM 24S); Codificação: UTF-8
vw_ParqueEscolarEstadual.fid--16360be6_1884ec8ee50_6494,POINT (-38.52133879419106 -3.845966576208321),22,DOUTORA ALDACI BARBOSA,EEM,M,23078685,AVENIDA VALPARAÍSO,155,CONJUNTO PALMEIRAS,118,60870-440,32,6,2,SR9,3101-3397,ABARBOSA@ESCOLA.CE.GOV.BR,553144.47,9574883.84,SME,2021,EPSG: 31984 (SIRGAS 2000 - UTM 24S); Codificação: UTF-8
vw_ParqueEscolarEstadual.fid--16360be6_1884ec8ee50_6495,POINT (-38.47451758062195 -3.845766832228908),23,GOVERNADOR LUIZ GONZAGA DA FONSECA MOTA,EEFM,F2/M,23078758,RUA SANTA ROSA,407,COAÇU,55,60872-370,30,6,2,SR6,3452-6184,GMOTA@ESCOLA.CE.GOV.BR,558343.06,9574902.86,SME,2021,EPSG: 31984 (SIRGAS 2000 - UTM 24S); Codificação: UTF-8
vw_ParqueEscolarEstadual.fid--16360be6_1884ec8ee50_6496,POINT (-38.51725988432967 -3.8387702324518362),24,ALMIRANTE TAMANDARÉ,EEFM,F2/M,23077808,RUA MANDACARU,1144,JANGURUSSU,61,60865-290,32,6,2,SR9,3101-6139/3269-0296,ATAMANDARE@ESCOLA.CE.GOV.BR,553597.80,9575679.06,SME,2021,EPSG: 31984 (SIRGAS 2000 - UTM 24S); Codificação: UTF-8
vw_ParqueEscolarEstadual.fid--16360be6_1884ec8ee50_6497,POINT (-38.481863382543544 -3.8307485046062744),25,COMENDADOR MIGUEL GURGEL,EEEP,M,23078774,RUA JOSÉ BAIMA,340,GUAJERÚ,59,60843-220,29,6,2,SR6,3101-2071,MIGUELGURGEL@ESCOLA.CE.GOV.BR,557528.45,9576563.48,SME,2021,EPSG: 31984 (SIRGAS 2000 - UTM 24S); Codificação: UTF-8
vw_ParqueEscolarEstadual.fid--16360be6_1884ec8ee50_6498,POINT (-38.48730961865202 -3.8312351552941792),26,PROFESSORA TELINA BARBOSA DA COSTA,EEMTI,M,23068523,RUA DOUTOR PERGENTINO MAIA,811,MESSEJANA,65,60876-670,28,6,2,SR6,3101-2074,TBARBOSA@ESCOLA.CE.GOV.BR,556923.71,9576510.05,SME,2021,EPSG: 31984 (SIRGAS 2000 - UTM 24S); Codificação: UTF-8
vw_ParqueEscolarEstadual.fid--16360be6_1884ec8ee50_6499,POINT (-38.493530491619055 -3.8366031484755787),27,JOSÉ DE ALENCAR,EEM,M,23069430,RUA VENEZA,84,MESSEJANA,65,60871-600,28,6,2,SR6,3101-2076/3274-7411,JALENCAR@ESCOLA.CE.GOV.BR,556232.64,9575917.08,SME,2021,EPSG: 31984 (SIRGAS 2000 - UTM 24S); Codificação: UTF-8
vw_ParqueEscolarEstadual.fid--16360be6_1884ec8ee50_649a,POINT (-38.49952833566437 -3.8359436791290062),28,JOSÉ DE BARCELOS,EEEP,M,23072318,RUA ANGÉLICA GURGEL,362,MESSEJANA,65,60871-030,28,6,2,SR6,3101-2163,JBARCELOS@ESCOLA.CE.GOV.BR,555566.74,9575990.37,SME,2021,EPSG: 31984 (SIRGAS 2000 - UTM 24S); Codificação: UTF-8
vw_ParqueEscolarEstadual.fid--16360be6_1884ec8ee50_649b,POINT (-38.49964245932862 -3.835124286865533),29,DEPUTADO PAULO BENEVIDES,EEM,M,23075791,RUA ANGÉLICA GURGEL,186,MESSEJANA,65,60871-030,28,6,2,SR6,3101-2164,PBENEVIDES@ESCOLA.CE.GOV.BR,555554.12,9576080.95,SME,2021,EPSG: 31984 (SIRGAS 2000 - UTM 24S); Codificação: UTF-8
vw_ParqueEscolarEstadual.fid--16360be6_1884ec8ee50_649c,POINT (-38.55557606212623 -3.829155572277803),30,PROFESSOR OTÁVIO TERCEIRO DE FARIAS,EEM,M,23075430,AVENIDA C,435,PREFEITO JOSÉ WALTER,89,60750-020,21,4,2,SR8,3101-2979/3291-4377,OTAVIOT@ESCOLA.CE.GOV.BR,549344.08,9576744.15,SME,2021,EPSG: 31984 (SIRGAS 2000 - UTM 24S); Codificação: UTF-8
vw_ParqueEscolarEstadual.fid--16360be6_1884ec8ee50_649d,POINT (-38.55810239906622 -3.8343716520708813),31,PROFESSOR ONÉLIO PORTO,EEEP,M,23069074,AVENIDA E,471,PREFEITO JOSÉ WALTER,89,60750-040,21,4,3,SR8,3101-2984,ONELIOP@ESCOLA.CE.GOV.BR,549063.28,9576167.72,SME,2021,EPSG: 31984 (SIRGAS 2000 - UTM 24S); Codificação: UTF-8
vw_ParqueEscolarEstadual.fid--16360be6_1884ec8ee50_649e,POINT (-38.56839000714326 -3.833192027714488),32,DEPUTADO JOACI PEREIRA,EEM,M,23069490,RUA PROFESSOR PEDRO JORGE,830,PLANALTO AYRTON SENNA,116,60760-445,21,4,3,SR8,3101-2994,JOACIP@ESCOLA.CE.GOV.BR,547921.11,9576298.69,SME,2021,EPSG: 31984 (SIRGAS 2000 - UTM 24S); Codificação: UTF-8
vw_ParqueEscolarEstadual.fid--16360be6_1884ec8ee50_649f,POINT (-38.481730631031944 -3.8232623600272104),33,LICEU DE MESSEJANA,EEM,M,23221160,AVENIDA WASHINGTON SOARES,7702,MESSEJANA,65,60841-032,28,6,2,SR6,3101-2078/98618-3669,LICEUM@ESCOLA.CE.GOV.BR,557543.69,9577390.98,SME,2021,EPSG: 31984 (SIRGAS 2000 - UTM 24S); Codificação: UTF-8
vw_ParqueEscolarEstadual.fid--16360be6_1884ec8ee50_64a0,POINT (-38.504721105075035 -3.8227129795130743),34,PADRE MARCELINO CHAMPAGNAT,EEMTI,M,23078707,RUA DÁUREA,120,BARROSO,51,60862-760,31,6,2,SR9,3101-2067,PMARCELINO@ESCOLA.CE.GOV.BR,554991.02,9577453.22,SME,2021,EPSG: 31984 (SIRGAS 2000 - UTM 24S); Codificação: UTF-8
vw_ParqueEscolarEstadual.fid--16360be6_1884ec8ee50_64a1,POINT (-38.51848600330161 -3.8254832697257943),35,PROFESSOR ALOYSIO BARROS LEAL,EEFM,F2/M,23069023,RUA 10,28,BARROSO,51,60863-630,31,6,2,SR9,3269-7070,ABLEAL@ESCOLA.CE.GOV.BR,553462.49,9577147.86,SME,2021,EPSG: 31984 (SIRGAS 2000 - UTM 24S); Codificação: UTF-8
vw_ParqueEscolarEstadual.fid--16360be6_1884ec8ee50_64a2,POINT (-38.55487578533057 -3.824365027824162),36,POLIVALENTE MODELO DE FORTALEZA,EEFM,F2/M,23070382,AVENIDA A,482,PREFEITO JOSÉ WALTER,89,60750-000,21,4,2,SR8,3101-3096,POLIVALENTEMF@ESCOLA.CE.GOV.BR,549422.11,9577273.65,SME,2021,EPSG: 31984 (SIRGAS 2000 - UTM 24S); Codificação: UTF-8
vw_ParqueEscolarEstadual.fid--16360be6_1884ec8ee50_64a3,POINT (-38.59498865950541 -3.8225926859411934),37,PARQUE PRESIDENTE VARGAS,EEM,M,23078340,RUA INÁ BRITO,1029,PARQUE SANTA ROSA,87,60876-670,34,5,3,SR10,3101-3074,VARGAS@ESCOLA.CE.GOV.BR,544968.40,9577471.76,SME,2021,EPSG: 31984 (SIRGAS 2000 - UTM 24S); Codificação: UTF-8
vw_ParqueEscolarEstadual.fid--16360be6_1884ec8ee50_64a4,POINT (-38.47643642755348 -3.8108643545460805),38,IRACEMA,EEMTI,M,23071354,RUA EGÍDIO DE OLIVEIRA,250,JOSÉ DE ALENCAR,49,60876-670,29,6,2,SR6,3101-2068,IRACEMA@ESCOLA.CE.GOV.BR,558132.36,9578761.10,SME,2021,EPSG: 31984 (SIRGAS 2000 - UTM 24S); Codificação: UTF-8
vw_ParqueEscolarEstadual.fid--16360be6_1884ec8ee50_64a5,POINT (-38.49358365923994 -3.8127443750122683),39,GOVERNADOR VIRGÍLIO TÁVORA,EEFM,F2/M,23069619,RUA ALMEIDA RÊGO,S/N,MESSEJANA,65,60841-545,28,6,2,SR6,3101-2064,VTAVORA@ESCOLA.CE.GOV.BR,556228.29,9578554.42,SME,2021,EPSG: 31984 (SIRGAS 2000 - UTM 24S); Codificação: UTF-8
vw_ParqueEscolarEstadual.fid--16360be6_1884ec8ee50_64a6,POINT (-38.537111205257084 -3.813160869588958),40,INTEGRADA 2 DE MAIO,EEM,M,23073853,AVENIDA DA SAUDADE,S/N,PASSARÉ,88,60861-330,20,6,2,SR8,3101-3076,2DEMAIO@ESCOLA.CE.GOV.BR,551395.22,9578511.10,SME,2021,EPSG: 31984 (SIRGAS 2000 - UTM 24S); Codificação: UTF-8
vw_ParqueEscolarEstadual.fid--16360be6_1884ec8ee50_64a7,POINT (-38.573900036273486 -3.814983942920397),41,ESTADO DO MARANHÃO,EEMTI,M,23068825,RUA CARLOS PIMENTA,506,MONDUBIM,83,60752-592,35,4,3,SR10,3101-2981/3298-3053,MARANHAO@ESCOLA.CE.GOV.BR,547310.32,9578311.69,SME,2021,EPSG: 31984 (SIRGAS 2000 - UTM 24S); Codificação: UTF-8
vw_ParqueEscolarEstadual.fid--16360be6_1884ec8ee50_64a8,POINT (-38.586530425309974 -3.816195196817623),42,DEPUTADO IRAPUAN CAVALCANTE PINHEIRO,EEMTI,M,23071370,AVENIDA E,305,CONJUNTO ESPERANÇA,76,60763-480,34,5,3,SR10,3101-2985,IRAPUANC@ESCOLA.CE.GOV.BR,545907.87,9578178.48,SME,2021,EPSG: 31984 (SIRGAS 2000 - UTM 24S); Codificação: UTF-8
vw_ParqueEscolarEstadual.fid--16360be6_1884ec8ee50_64a9,POINT (-38.589262818100224 -3.8150257251517137),43,PROFESSORA ADALGISA BONFIM SOARES,EEM,M,23064676,AVENIDA DA PENETRAÇÃO OESTE,150,CONJUNTO ESPERANÇA,76,60763-390,34,5,3,SR10,3101-5091,ADALGISA@ESCOLA.CE.GOV.BR,545604.55,9578307.90,SME,2021,EPSG: 31984 (SIRGAS 2000 - UTM 24S); Codificação: UTF-8
vw_ParqueEscolarEstadual.fid--16360be6_1884ec8ee50_64aa,POINT (-38.59383691594598 -3.8134971669367563),44,PROFESSORA MARIA MARGARIDA DE CASTRO ALMEIDA,EEMTI,M,23073713,AVENIDA CONTORNO SUL,960,CONJUNTO ESPERANÇA,76,60763-430,34,5,3,SR10,3296-9829,MMCA@ESCOLA.CE.GOV.BR,545096.75,9578477.10,SME,2021,EPSG: 31984 (SIRGAS 2000 - UTM 24S); Codificação: UTF-8
vw_ParqueEscolarEstadual.fid--16360be6_1884ec8ee50_64ab,POINT (-38.59504733525977 -3.8122912191522795),45,PROFESSORA ADÉLIA BRASIL FEIJÓ,EEM,M,23186364,AVENIDA CONTORNO SUL,1540,CONJUNTO ESPERANÇA,76,60763-430,34,5,3,SR10,3101-3075,ADELIAB@ESCOLA.CE.GOV.BR,544962.42,9578610.47,SME,2021,EPSG: 31984 (SIRGAS 2000 - UTM 24S); Codificação: UTF-8
vw_ParqueEscolarEstadual.fid--16360be6_1884ec8ee50_64ac,POINT (-38.45962203107764 -3.8050418526212457),46,PROFESSORA TECLA FERREIRA,EEMTI,M,23077883,RUA FRANCISCA BEZERRA,417,SAPIRANGA/COITÉ,64,60876-670,25,2,2,SR7,3101-7803,TFERREIRA@ESCOLA.CE.GOV.BR,559999.76,9579403.56,SME,2021,EPSG: 31984 (SIRGAS 2000 - UTM 24S); Codificação: UTF-8
vw_ParqueEscolarEstadual.fid--16360be6_1884ec8ee50_64ad,POINT (-38.511838346250585 -3.8014131207960182),47,CONSTÂNCIA TÁVORA,EEFM,F2/M,23067446,AVENIDA DEP. PAULINO ROCHA,50,CAJAZEIRAS,52,60864-311,31,2,2,SR9,3101-3078,CTAVORA@ESCOLA.CE.GOV.BR,554202.10,9579808.13,SME,2021,EPSG: 31984 (SIRGAS 2000 - UTM 24S); Codificação: UTF-8
vw_ParqueEscolarEstadual.fid--16360be6_1884ec8ee50_64ae,POINT (-38.52560677135081 -3.808797792637102),48,DEPUTADO PAULINO ROCHA,EEFM,F2/M,23068710,RUA PROF. JOSÉ SILVEIRA,528,PASSARÉ,88,60862-010,20,6,2,SR8,3101-3047,SOLANGEXAVIER1@HOTMAIL.COM,552672.87,9578992.69,SME,2021,EPSG: 31984 (SIRGAS 2000 - UTM 24S); Codificação: UTF-8
vw_ParqueEscolarEstadual.fid--16360be6_1884ec8ee50_64af,POINT (-38.60693788148056 -3.807856055343578),49,SENADOR OSIRES PONTES,EEMTI,M,23069163,RUA DIVINA,150,SIQUEIRA,90,60876-670,39,5,3,SR5,3101-6113,OSIRESP@ESCOLA.CE.GOV.BR,543642.40,9579101.33,SME,2021,EPSG: 31984 (SIRGAS 2000 - UTM 24S); Codificação: UTF-8
vw_ParqueEscolarEstadual.fid--16360be6_1884ec8ee50_64b0,POINT (-38.62713315016571 -3.8049716696592206),50,PAULO ELPÍDIO,EEM,M,23234296,RUA PROF. MANOEL DE CASTRO,1202,SIQUEIRA,90,60732-395,39,5,3,SR5,3101-6121,PAULOELPIDIO@ESCOLA.CE.GOV.BR,541400.18,9579421.16,SME,2021,EPSG: 31984 (SIRGAS 2000 - UTM 24S); Codificação: UTF-8
vw_ParqueEscolarEstadual.fid--16360be6_1884ec8ee50_64b1,POINT (-38.50022604119877 -3.797733004195552),51,WALTER DE SÁ CAVALCANTE,EEMTI,M,23069244,AVENIDA OLIVEIRA PAIVA,550,CIDADE DOS FUNCIONÁRIOS,54,60822-130,27,2,2,SR6,3101-2165,WSCAVALCANTE@ESCOLA.CE.GOV.BR,555491.72,9580214.19,SME,2021,EPSG: 31984 (SIRGAS 2000 - UTM 24S); Codificação: UTF-8
vw_ParqueEscolarEstadual.fid--16360be6_1884ec8ee50_64b2,POINT (-38.509156126245195 -3.793120843657991),52,PROFESSOR PAULO AYRTON DE ARAÚJO,EEFM,F2/M,23075775,AVENIDA FREI CIRILO,800,CAJAZEIRAS,52,60876-670,31,2,2,SR9,3101-2066,PAYRTON@ESCOLA.CE.GOV.BR,554500.45,9580724.58,SME,2021,EPSG: 31984 (SIRGAS 2000 - UTM 24S); Codificação: UTF-8
vw_ParqueEscolarEstadual.fid--16360be6_1884ec8ee50_64b3,POINT (-38.51878580146106 -3.7940731745712895),53,PROFESSORA MARIA GONÇALVES,EEFM,F2/M,23069457,RUA N.S. MONTE CARMELO,S/N,BOA VISTA,125,60861-040,20,2,2,SR8,3101-3048,MGONCALVES@ESCOLA.CE.GOV.BR,553431.14,9580619.91,SME,2021,EPSG: 31984 (SIRGAS 2000 - UTM 24S); Codificação: UTF-8
vw_ParqueEscolarEstadual.fid--16360be6_1884ec8ee50_64b4,POINT (-38.56185264689587 -3.798366816923666),54,PROFESSORA DIVA CABRAL,EEM,M,23067918,RUA HOLANDA,701,DENDÊ,77,60876-670,19,4,3,SR8,3101-5084,DIVACABRAL@ESCOLA.CE.GOV.BR,548648.92,9580147.84,SME,2021,EPSG: 31984 (SIRGAS 2000 - UTM 24S); Codificação: UTF-8
vw_ParqueEscolarEstadual.fid--16360be6_1884ec8ee50_64b5,POINT (-38.588594835425276 -3.8016874320415304),55,IRMÃO URBANO GONZALEZ RODRIGUEZ,EEMTI,M,23186518,RUA CÔNEGO DE CASTRO,4055,NOVO MONDUBIM,121,60730-202,34,4,3,SR10,3101-5079,IURBANO@ESCOLA.CE.GOV.BR,545679.42,9579782.25,SME,2021,EPSG: 31984 (SIRGAS 2000 - UTM 24S); Codificação: UTF-8
vw_ParqueEscolarEstadual.fid--16360be6_1884ec8ee50_64b6,POINT (-38.59858504187904 -3.800353292714643),56,DONA JÚLIA ALVES PESSOA,EEM,M,23068566,RUA SÃO FRANCISCO,S/N,BOM JARDIM,72,60545-064,39,5,3,SR5,3101-6114,JULIAALVES@ESCOLA.CE.GOV.BR,544570.23,9579930.24,SME,2021,EPSG: 31984 (SIRGAS 2000 - UTM 24S); Codificação: UTF-8
vw_ParqueEscolarEstadual.fid--16360be6_1884ec8ee50_64b7,POINT (-38.5065787355639 -3.786099644446724),57,DONA LUÍZA TÁVORA - PROMORAR,EEFM,F2/M,23073411,RUA FREI CANECA,379,JARDIM DAS OLIVEIRAS,62,60820-000,27,2,2,SR6,3101-2069,LTPROMORAR@ESCOLA.CE.GOV.BR,554787.07,9581500.54,SME,2021,EPSG: 31984 (SIRGAS 2000 - UTM 24S); Codificação: UTF-8
vw_ParqueEscolarEstadual.fid--16360be6_1884ec8ee50_64b8,POINT (-38.52026395895261 -3.785291538521519),58,ANTONIO DIAS MACÊDO,EEFM,F2/M,23187735,AVENIDA PEDRO DANTAS,340,DIAS MACÊDO,98,60860-150,20,2,2,SR8,3101-3020,ADMACEDO@ESCOLA.CE.GOV.BR,553267.55,9581590.72,SME,2021,EPSG: 31984 (SIRGAS 2000 - UTM 24S); Codificação: UTF-8
vw_ParqueEscolarEstadual.fid--16360be6_1884ec8ee50_64b9,POINT (-38.5247772523681 -3.788067299338409),59,PADRE GUILHERME WAESSEN,EEMTI,F2/M,23070820,RUA BOA VENTURA,916,DIAS MACÊDO,98,60860-440,20,2,2,SR8,3101-3049,GWAESSEN@ESCOLA.CE.GOV.BR,552766.23,9581284.16,SME,2021,EPSG: 31984 (SIRGAS 2000 - UTM 24S); Codificação: UTF-8
vw_ParqueEscolarEstadual.fid--16360be6_1884ec8ee50_64ba,POINT (-38.545394182497226 -3.78461946287934),60,PROFESSOR JÁDER MOREIRA DE CARVALHO,EEM,M,23071460,RUA PROF(A) HELOISA FERREIRA LIMA,420,SERRINHA,107,60742-105,19,4,3,SR8,3101-2993,JADERMC@ESCOLA.CE.GOV.BR,550477.19,9581666.51,SME,2021,EPSG: 31984 (SIRGAS 2000 - UTM 24S); Codificação: UTF-8
vw_ParqueEscolarEstadual.fid--16360be6_1884ec8ee50_64bb,POINT (-38.572310754855955 -3.787530840003642),61,MARIA THOMÁSIA,EEMTI,M,23078669,RUA POLÔNIA,369,PARANGABA,105,60710-500,17,4,3,SR4,3101-7753,MTHOMASIA@ESCOLA.CE.GOV.BR,547488.29,9581346.21,SME,2021,EPSG: 31984 (SIRGAS 2000 - UTM 24S); Codificação: UTF-8
vw_ParqueEscolarEstadual.fid--16360be6_1884ec8ee50_64bc,POINT (-38.579924925671754 -3.7865967173168125),62,PROFESSOR HERMENEGILDO FIRMEZA,EEFM,F2/M,23071001,RUA GABRIEL FIUZA,360,VILA PERI,108,60730-110,17,4,3,SR4,3101-3073,HERMENEGILDO@ESCOLA.CE.GOV.BR,546642.89,9581449.88,SME,2021,EPSG: 31984 (SIRGAS 2000 - UTM 24S); Codificação: UTF-8
vw_ParqueEscolarEstadual.fid--16360be6_1884ec8ee50_64bd,POINT (-38.592639515470424 -3.7892014484850485),63,SÃO FRANCISCO DE ASSIS,EEM,M,23069988,RUA NEREIDE,320,GRANJA PORTUGAL,79,60876-670,39,5,3,SR5,3101-6118,SFASSIS@ESCOLA.CE.GOV.BR,545230.97,9581162.63,SME,2021,EPSG: 31984 (SIRGAS 2000 - UTM 24S); Codificação: UTF-8
vw_ParqueEscolarEstadual.fid--16360be6_1884ec8ee50_64be,POINT (-38.60153053706579 -3.786308596198497),64,PROFESSOR JOCIÊ CAMINHA DE MENEZES,EEMTI,M,23068965,RUA ITÚ,120,GRANJA PORTUGAL,79,60876-670,39,5,3,SR5,3101-6116,JOCIEC@ESCOLA.CE.GOV.BR,544243.89,9581482.86,SME,2021,EPSG: 31984 (SIRGAS 2000 - UTM 24S); Codificação: UTF-8
vw_ParqueEscolarEstadual.fid--16360be6_1884ec8ee50_64bf,POINT (-38.61883098456309 -3.7832206468732927),65,MARIA ALVES CARIOCA,EEMTI,M,23188154,RUA SARGENTO BARBOSA,851,GRANJA LISBOA,78,60540-498,39,5,3,SR5,3101-6122/3101-6140,CAICMACARIOCA@ESCOLA.CE.GOV.BR,542323.06,9581825.06,SME,2021,EPSG: 31984 (SIRGAS 2000 - UTM 24S); Codificação: UTF-8
vw_ParqueEscolarEstadual.fid--16360be6_1884ec8ee50_64c0,POINT (-38.50862153830917 -3.781380895999082),66,MIRIAN PORTO MOTA,EEMTI,F2/M,23069562,LARGO DAS CASTANHOLAS,S/N,JARDIM DAS OLIVEIRAS,62,60820-470,27,2,2,SR6,3101-2185,MPMOTA@ESCOLA.CE.GOV.BR,554560.54,9582022.27,SME,2021,EPSG: 31984 (SIRGAS 2000 - UTM 24S); Codificação: UTF-8
vw_ParqueEscolarEstadual.fid--16360be6_1884ec8ee50_64c1,POINT (-38.51239548969503 -3.7793444337190745),67,PROFESSORA MARIA DA CONCEIÇÃO PORFÍRIO TELES,EEFM,F2/M,23073527,RUA MONTE CRISTO,177,AEROLÂNDIA,91,60850-270,26,2,2,SR6,3101-6138,PTELES@ESCOLA.CE.GOV.BR,554141.61,9582247.62,SME,2021,EPSG: 31984 (SIRGAS 2000 - UTM 24S); Codificação: UTF-8
vw_ParqueEscolarEstadual.fid--16360be6_1884ec8ee50_64c2,POINT (-38.5730087782198 -3.7784900423035492),68,GENERAL EUDORO CORRÊA,EEMTI,M,23069767,RUA JÚLIO BRAGA,101,PARANGABA,105,60720-640,17,4,1,SR4,3101-6128,EUDOROC@ESCOLA.CE.GOV.BR,547411.27,9582345.60,SME,2021,EPSG: 31984 (SIRGAS 2000 - UTM 24S); Codificação: UTF-8
vw_ParqueEscolarEstadual.fid--16360be6_1884ec8ee50_64c3,POINT (-38.59252599290748 -3.773515136979893),69,SÃO JOSÉ DO PICI DAS PEDREIRAS,EEM,M,23227877,RUA MANOEL ANTÔNIO LEITE,250,JOÃO XXIII,46,60545-300,37,3,1,SR11,3101-5687,JPICI@ESCOLA.CE.GOV.BR,545244.39,9582896.55,SME,2021,EPSG: 31984 (SIRGAS 2000 - UTM 24S); Codificação: UTF-8
vw_ParqueEscolarEstadual.fid--16360be6_1884ec8ee50_64c4,POINT (-38.601608223477875 -3.773570441117543),70,DOUTOR UBIRAJARA ÍNDIO DO CEARÁ,EEM,M,23078170,RUA 751,S/N,CONJUNTO CEARÁ II,75,60532-020,38,5,3,SR11,3101-5595,UV7UBIRAJARA@ESCOLA.CE.GOV.BR,544235.91,9582890.91,SME,2021,EPSG: 31984 (SIRGAS 2000 - UTM 24S); Codificação: UTF-8
vw_ParqueEscolarEstadual.fid--16360be6_1884ec8ee50_64c5,POINT (-38.61788304950137 -3.7744294945678964),71,PROFESSORA MARIA ANTONIETA NUNES,EEMTI,M,23065486,RUA 916,1,CONJUNTO CEARÁ II,75,60532-540,38,5,3,SR11,3101-5960,UV9ANUNES@ESCOLA.CE.GOV.BR,542428.75,9582796.76,SME,2021,EPSG: 31984 (SIRGAS 2000 - UTM 24S); Codificação: UTF-8
vw_ParqueEscolarEstadual.fid--16360be6_1884ec8ee50_64c6,POINT (-38.47683523974993 -3.7726627243660635),72,DOM ANTONIO DE ALMEIDA LUSTOSA,EEFM,F2/M,23065273,RUA ADOLFO MOREIRA DE CARVALHO,1,EDSON QUEIROZ,57,60811-740,25,2,2,SR7,3101-2171/3273-9429,AMLUSTOSA@ESCOLA.CE.GOV.BR,558090.63,9582983.91,SME,2021,EPSG: 31984 (SIRGAS 2000 - UTM 24S); Codificação: UTF-8
vw_ParqueEscolarEstadual.fid--16360be6_1884ec8ee50_64c7,POINT (-38.51277994285765 -3.7652217600689153),73,ESTADO DO PARÁ,EEMTI,F2/M,23068833,RUA DJALMA PETIT,589,ALTO DA BALANÇA,93,60851-120,26,2,2,SR6,3101-2168,ESTPARA@ESCOLA.CE.GOV.BR,554099.80,9583808.74,SME,2021,EPSG: 31984 (SIRGAS 2000 - UTM 24S); Codificação: UTF-8
vw_ParqueEscolarEstadual.fid--16360be6_1884ec8ee50_64c8,POINT (-38.53187978186283 -3.766526296504064),74,PROFESSOR CORONEL JOSÉ AURÉLIO CÂMARA,EEMTI,M,23072199,RUA JORGE ACÚRCIO,655,VILA UNIÃO,109,60356-001,18,4,3,SR4,3101-7807,JACAMARA@ESCOLA.CE.GOV.BR,551978.87,9583665.70,SME,2021,EPSG: 31984 (SIRGAS 2000 - UTM 24S); Codificação: UTF-8
vw_ParqueEscolarEstadual.fid--16360be6_1884ec8ee50_64c9,POINT (-38.555437339096606 -3.7667396241404463),75,JOÃO MATTOS,EEM,M,23069260,RUA ALMIRANTE RUBIM,1014,MONTESE,103,60425-482,16,4,3,SR4,3101-2977,JMATOS@ESCOLA.CE.GOV.BR,549363.03,9583643.49,SME,2021,EPSG: 31984 (SIRGAS 2000 - UTM 24S); Codificação: UTF-8
vw_ParqueEscolarEstadual.fid--16360be6_1884ec8ee50_64ca,POINT (-38.56397302329729 -3.7729231497443885),76,JOAQUIM MOREIRA DE SOUSA,EEEP,M,23068884,RUA CAIO PRADO,2,PARANGABA,105,60720-040,17,4,3,SR4,3101-2980,JMSOUSA@SEDUC.CE.GOV.BR,548414.89,9582960.46,SME,2021,EPSG: 31984 (SIRGAS 2000 - UTM 24S); Codificação: UTF-8
vw_ParqueEscolarEstadual.fid--16360be6_1884ec8ee50_64cb,POINT (-38.57720856650009 -3.7720207621623114),77,HERÁCLITO DE CASTRO E SILVA,EEM,M,23070978,RUA SILVEIRA FILHO,808,JÓQUEI CLUBE,101,60356-001,37,3,1,SR11,3101-5670,CSILVA@ESCOLA.CE.GOV.BR,546945.29,9583060.93,SME,2021,EPSG: 31984 (SIRGAS 2000 - UTM 24S); Codificação: UTF-8
vw_ParqueEscolarEstadual.fid--16360be6_1884ec8ee50_64cc,POINT (-38.60096075827263 -3.768804415040227),78,PROFESSOR JOSÉ MARIA CAMPOS DE OLIVEIRA,EEMTI,M,23072431,RUA 820,S/N,CONJUNTO CEARÁ I,42,60532-200,38,5,3,SR11,3101-5965,UV8MCAMPOS@ESCOLA.CE.GOV.BR,544308.04,9583417.70,SME,2021,EPSG: 31984 (SIRGAS 2000 - UTM 24S); Codificação: UTF-8
vw_ParqueEscolarEstadual.fid--16360be6_1884ec8ee50_64cd,POINT (-38.60181502736265 -3.772112418236236),79,PROFESSOR PLÁCIDO ADERALDO CASTELO,EEMTI,M,23069082,RUA 719,S/N,CONJUNTO CEARÁ II,75,60530-710,38,5,3,SR11,3101-5683,UV7PLACIDO@ESCOLA.CE.GOV.BR,544213.02,9583052.08,SME,2021,EPSG: 31984 (SIRGAS 2000 - UTM 24S); Codificação: UTF-8
vw_ParqueEscolarEstadual.fid--16360be6_1884ec8ee50_64ce,POINT (-38.60292794442223 -3.765019856056712),80,ADELINO ALCÂNTARA FILHO,CEJA,F2/M,23064706,RUA 612,S/N,CONJUNTO CEARÁ I,42,60531-560,38,5,1,SR11,3101-5681,CEJAADELINOA@ESCOLA.CE.GOV.BR,544089.80,9583836.13,SME,2021,EPSG: 31984 (SIRGAS 2000 - UTM 24S); Codificação: UTF-8
vw_ParqueEscolarEstadual.fid--16360be6_1884ec8ee50_64cf,POINT (-38.60804547215119 -3.7652106641075327),81,DOUTOR GENTIL BARREIRA,EEM,M,23070552,RUA 202D,S/N,CONJUNTO CEARÁ I,42,60530-300,38,5,3,SR11,3101-5671,UV2GENTILB@ESCOLA.CE.GOV.BR,543521.55,9583815.30,SME,2021,EPSG: 31984 (SIRGAS 2000 - UTM 24S); Codificação: UTF-8
vw_ParqueEscolarEstadual.fid--16360be6_1884ec8ee50_64d0,POINT (-38.61508254993298 -3.768508891000379),82,PROFESSOR EDMILSON GUIMARÃES DE ALMEIDA,EEMTI,M,23068183,RUA 1074,S/N,CONJUNTO CEARÁ II,75,60533-120,38,5,3,SR11,3101-5676,UV10EDMILSONG@ESCOLA.CE.GOV.BR,542740.00,9583451.07,SME,2021,EPSG: 31984 (SIRGAS 2000 - UTM 24S); Codificação: UTF-8
vw_ParqueEscolarEstadual.fid--16360be6_1884ec8ee50_64d1,POINT (-38.50753367752157 -3.7589424125930875),83,DONA LUÍZA TÁVORA - PIO XII,EEFM,F2/M,23073420,RUA ANA GONCALVES,947,SÃO JOÃO DO TAUAPE,35,60130-490,10,2,2,SR2,3101-2065,LTAVORA@ESCOLA.CE.GOV.BR,554682.74,9584502.53,SME,2021,EPSG: 31984 (SIRGAS 2000 - UTM 24S); Codificação: UTF-8
vw_ParqueEscolarEstadual.fid--16360be6_1884ec8ee50_64d2,POINT (-38.51734596467682 -3.7561860615236142),84,NOEL HUGNEN DE OLIVEIRA PAIVA,EEFM,F2/M,23075147,RUA MONSENHOR SALAZAR,279,SÃO JOÃO DO TAUAPE,35,60130-370,10,2,2,SR2,3101-6154,NHUGNEN@ESCOLA.CE.GOV.BR,553593.34,9584807.82,SME,2021,EPSG: 31984 (SIRGAS 2000 - UTM 24S); Codificação: UTF-8
vw_ParqueEscolarEstadual.fid--16360be6_1884ec8ee50_64d3,POINT (-38.52111740451781 -3.7606210014854238),85,JENNY GOMES,EEMTI,M,23071591,AVENIDA BORGES DE MELO,210,AEROPORTO,92,60415-510,18,4,3,SR4,3101-2166,JENNYGOMES@ESCOLA.CE.GOV.BR,553174.28,9584317.82,SME,2021,EPSG: 31984 (SIRGAS 2000 - UTM 24S); Codificação: UTF-8
vw_ParqueEscolarEstadual.fid--16360be6_1884ec8ee50_64d4,POINT (-38.54313142770153 -3.7574608172567334),86,ESTADO DO PARANÁ,EEM,M,23068841,RUA ALBERTO MAGNO,S/N,BOM FUTURO,8,60425-235,16,4,3,SR4,3101-5074,PARANA@ESCOLA.CE.GOV.BR,550730.01,9584668.45,SME,2021,EPSG: 31984 (SIRGAS 2000 - UTM 24S); Codificação: UTF-8
vw_ParqueEscolarEstadual.fid--16360be6_1884ec8ee50_64d5,POINT (-38.549019058910595 -3.764091222918339),87,MARECHAL HUMBERTO DE ALENCAR CASTELO BRANCO,EEM,M,23071095,RUA ÁLVARO FERNANDES,913,MONTESE,103,60420-570,16,4,3,SR4,3101-2982,MCASTELOBRANCO@ESCOLA.CE.GOV.BR,550075.87,9583935.88,SME,2021,EPSG: 31984 (SIRGAS 2000 - UTM 24S); Codificação: UTF-8
vw_ParqueEscolarEstadual.fid--16360be6_1884ec8ee50_64d6,POINT (-38.554376028740215 -3.762345609008914),88,PRESIDENTE HUMBERTO DE ALENCAR CASTELO BRANCO,EEMTI,M,23071087,RUA IRMÃ BAZET,210,MONTESE,103,60420-670,16,4,3,SR4,3101-2987,PCASTELOBRANCO@ESCOLA.CE.GOV.BR,549481.13,9584129.14,SME,2021,EPSG: 31984 (SIRGAS 2000 - UTM 24S); Codificação: UTF-8
vw_ParqueEscolarEstadual.fid--16360be6_1884ec8ee50_64d7,POINT (-38.55764170349088 -3.756129194178912),89,ESTADO DO AMAZONAS,EEMTI,M,23069511,RUA MONSENHOR FURTADO,2327,BELA VISTA,94,60441-750,36,3,3,SR11,3101-2991,AMAZONAS@ESCOLA.CE.GOV.BR,549118.85,9584816.47,SME,2021,EPSG: 31984 (SIRGAS 2000 - UTM 24S); Codificação: UTF-8
vw_ParqueEscolarEstadual.fid--16360be6_1884ec8ee50_64d8,POINT (-38.5677074027421 -3.760842206973081),90,SENADOR FERNANDES TÁVORA,EEMTI,M,23069627,RUA GOIÁS,141,DEMÓCRITO ROCHA,97,60440-085,36,4,3,SR11,3101-2986,FTAVORA@ESCOLA.CE.GOV.BR,548000.89,9584296.07,SME,2021,EPSG: 31984 (SIRGAS 2000 - UTM 24S); Codificação: UTF-8
vw_ParqueEscolarEstadual.fid--16360be6_1884ec8ee50_64d9,POINT (-38.57079031886541 -3.759060557457042),91,JOAQUIM ALVES,EEM,M,23072008,RUA ESTADO DO RIO,S/N,DEMÓCRITO ROCHA,97,60440-145,36,4,3,SR11,3101-5672,JOAQUIMALVES@ESCOLA.CE.GOV.BR,547658.66,9584493.17,SME,2021,EPSG: 31984 (SIRGAS 2000 - UTM 24S); Codificação: UTF-8
vw_ParqueEscolarEstadual.fid--16360be6_1884ec8ee50_64da,POINT (-38.57739783386037 -3.758068472145378),92,ANTONIETA SIQUEIRA,EEMTI,M,23065494,RUA GUARANI,4,PICI,106,60356-001,36,3,1,SR11,3101-5673,ANTONIETASIQUEIRA@ESCOLA.CE.GOV.BR,546925.02,9584603.19,SME,2021,EPSG: 31984 (SIRGAS 2000 - UTM 24S); Codificação: UTF-8
vw_ParqueEscolarEstadual.fid--16360be6_1884ec8ee50_64db,POINT (-38.5856556531231 -3.760664102182751),93,MARIANO MARTINS,EEM,M,23074060,AVENIDA SENADOR FERNANDES TÁVORA,1445,HENRIQUE JORGE,45,60510-290,37,3,1,SR11,3101-5682,MMARTINS@ESCOLA.CE.GOV.BR,546007.93,9584316.72,SME,2021,EPSG: 31984 (SIRGAS 2000 - UTM 24S); Codificação: UTF-8
vw_ParqueEscolarEstadual.fid--16360be6_1884ec8ee50_64dc,POINT (-38.58906671011087 -3.7580841201129505),94,PROFESSOR PAULO FREIRE,EEMTI,M,23227818,AV SEM. FERNANDES TÁVORA,1936,DOM LUSTOSA,43,60510-290,37,3,1,SR11,3496-8554,PFREIRE@ESCOLA.CE.GOV.BR,545629.30,9584602.08,SME,2021,EPSG: 31984 (SIRGAS 2000 - UTM 24S); Codificação: UTF-8
vw_ParqueEscolarEstadual.fid--16360be6_1884ec8ee50_64dd,POINT (-38.59161244302904 -3.7552777735705423),95,AYRTON SENNA DA SILVA,EEMTI,M,23188774,RUA MANAUS,855,DOM LUSTOSA,43,60356-001,37,3,1,SR11,3101-5674,ASENNA@ESCOLA.CE.GOV.BR,545346.77,9584912.42,SME,2021,EPSG: 31984 (SIRGAS 2000 - UTM 24S); Codificação: UTF-8
vw_ParqueEscolarEstadual.fid--16360be6_1884ec8ee50_64de,POINT (-38.59519125116419 -3.7534058706536273),96,RAIMUNDO GOMES DE CARVALHO,CAIC,F2/M,23186224,RUA PROFESSOR EDGARD DE ARRUDA,1683,AUTRAN NUNES,41,60510-350,37,3,1,SR11,3101-5959,ELIENESALESBEDE@HOTMAIL.COM,544949.47,9585119.52,SME,2021,EPSG: 31984 (SIRGAS 2000 - UTM 24S); Codificação: UTF-8
vw_ParqueEscolarEstadual.fid--16360be6_1884ec8ee50_64df,POINT (-38.60699193539511 -3.7606599425540765),97,JOSÉ LEOPOLDINO DA SILVA FILHO,EEM,M,23068914,RUA 448E,S/N,CONJUNTO CEARÁ I,42,60531-230,38,5,3,SR11,3101-5680,UV4LEOPOLDINO@ESCOLA.CE.GOV.BR,543638.76,9584318.27,SME,2021,EPSG: 31984 (SIRGAS 2000 - UTM 24S); Codificação: UTF-8
vw_ParqueEscolarEstadual.fid--16360be6_1884ec8ee50_64e0,POINT (-38.61015112623824 -3.75833297379075),98,LICEU DO CONJUNTO CEARÁ,EEM,M,23225416,RUA 1139A,10,CONJUNTO CEARÁ I,42,60533-440,38,5,3,SR11,3101-5594,LICEUCC@ESCOLA.CE.GOV.BR,543288.08,9584575.65,SME,2021,EPSG: 31984 (SIRGAS 2000 - UTM 24S); Codificação: UTF-8
vw_ParqueEscolarEstadual.fid--16360be6_1884ec8ee50_64e1,POINT (-38.47228875830522 -3.75162771452367),99,ARQUITETO ROGÉRIO FROES,EEFM,F2/M,23077140,AVENIDA DAS GRAVIOLAS,1000,CIDADE 2000,111,60190-600,23,2,2,SR7,3101-7916,ESCOLAROGERIOFROES@YAHOO.COM.BR,558596.88,9585308.81,SME,2021,EPSG: 31984 (SIRGAS 2000 - UTM 24S); Codificação: UTF-8
vw_ParqueEscolarEstadual.fid--16360be6_1884ec8ee50_64e2,POINT (-38.51000707057621 -3.7494641922633045),100,JOAQUIM ANTÔNIO ALBANO,EEEP,M,23072024,RUA JÚLIO SIQUEIRA,390,DIONÍSIO TORRES,14,60130-090,10,2,2,SR2,3101-2072,JALBANO@ESCOLA.CE.GOV.BR,554408.67,9585550.40,SME,2021,EPSG: 31984 (SIRGAS 2000 - UTM 24S); Codificação: UTF-8
vw_ParqueEscolarEstadual.fid--16360be6_1884ec8ee50_64e3,POINT (-38.531690506269065 -3.752422828175057),101,INSTITUTO DE EDUCAÇÃO DO CEARÁ,INSTITUTO,M,23066717,RUA GRACILIANO RAMOS,52,FÁTIMA,16,60415-050,15,4,3,SR4,3101-2070,IEC@ESCOLA.CE.GOV.BR,552000.72,9585224.67,SME,2021,EPSG: 31984 (SIRGAS 2000 - UTM 24S); Codificação: UTF-8
vw_ParqueEscolarEstadual.fid--16360be6_1884ec8ee50_64e4,POINT (-38.531372036740976 -3.7515290625844107),102,JUAREZ TÁVORA,EEEP,M,23072750,RUA JOAQUIM BASTOS,747,FÁTIMA,16,60415-040,15,4,3,SR4,3271-6529,JTAVORA@ESCOLA.CE.GOV.BR,552036.14,9585323.45,SME,2021,EPSG: 31984 (SIRGAS 2000 - UTM 24S); Codificação: UTF-8
vw_ParqueEscolarEstadual.fid--16360be6_1884ec8ee50_64e5,POINT (-38.53891007165812 -3.7522372898017085),103,PAULO VI,EEEP,M,23075864,RUA JORGE DUMAR,1841,JARDIM AMÉRICA,19,60356-001,16,4,3,SR4,3101-7823,ESCOLAPAULOVI@BOL.COM.BR,551199.06,9585245.60,SME,2021,EPSG: 31984 (SIRGAS 2000 - UTM 24S); Codificação: UTF-8
vw_ParqueEscolarEstadual.fid--16360be6_1884ec8ee50_64e6,POINT (-38.5652916998673 -3.754414034199818),104,ANÍSIO TEIXEIRA,EEFM,F2/M,23065214,RUA RIO GRANDE DO SUL,680,PANAMERICANO,104,60356-001,36,4,3,SR11,3101-2996,ANISIOT@ESCOLA.CE.GOV.BR,548269.49,9585006.49,SME,2021,EPSG: 31984 (SIRGAS 2000 - UTM 24S); Codificação: UTF-8
vw_ParqueEscolarEstadual.fid--16360be6_1884ec8ee50_64e7,POINT (-38.58418675937543 -3.7484490984959518),105,JÚLIA GIFFONI,EEEP,M,23072792,RUA CEL. MATOS DOURADO,1349,PICI,106,60510-510,36,3,1,SR11,3101-5078/3235-1190,JGIFFONI@ESCOLA.CE.GOV.BR,546171.68,9585666.86,SME,2021,EPSG: 31984 (SIRGAS 2000 - UTM 24S); Codificação: UTF-8
vw_ParqueEscolarEstadual.fid--16360be6_1884ec8ee50_64e8,POINT (-38.593015123138194 -3.7522584867286533),106,JOSÉ WALDEMAR DE ALCÂNTARA E SILVA,EEM,M,23225505,RUA MACEIÓ,627,AUTRAN NUNES,41,60356-001,37,3,1,SR11,3101-5679/3496-6468,WALCANTARA@ESCOLA.CE.GOV.BR,545191.17,9585246.24,SME,2021,EPSG: 31984 (SIRGAS 2000 - UTM 24S); Codificação: UTF-8
vw_ParqueEscolarEstadual.fid--16360be6_1884ec8ee50_64e9,POINT (-38.4740478105495 -3.7419062169414),107,MARIA JOSÉ MEDEIROS,EEEP,M,23073683,RUA DES. LAURO NOGUEIRA,S/N,PAPICU,27,60175-055,8,2,2,SR2,3101-3155/3276-5982,MMEDEIROS@ESCOLA.CE.GOV.BR,558402.19,9586383.53,SME,2021,EPSG: 31984 (SIRGAS 2000 - UTM 24S); Codificação: UTF-8
vw_ParqueEscolarEstadual.fid--16360be6_1884ec8ee50_64ea,POINT (-38.511117555444315 -3.740237289431488),108,INSTITUTO CEARENSE DE EDUCAÇÃO DE SURDOS,INSTITUTO,F2/M,23071265,AVENIDA RUI BARBOSA,1970,ALDEOTA,2,60115-222,7,2,2,SR2,3101-1391,ISURDOS@ESCOLA.CE.GOV.BR,554285.93,9586570.39,SME,2021,EPSG: 31984 (SIRGAS 2000 - UTM 24S); Codificação: UTF-8
vw_ParqueEscolarEstadual.fid--16360be6_1884ec8ee50_64eb,POINT (-38.51123404901698 -3.7406336958243087),109,RENATO BRAGA,EEMTI,M,23069120,AVENIDA RUI BARBOSA,2000,ALDEOTA,2,60115-221,7,2,2,SR2,3101-7920,RBRAGA@ESCOLA.CE.GOV.BR,554272.97,9586526.58,SME,2021,EPSG: 31984 (SIRGAS 2000 - UTM 24S); Codificação: UTF-8
vw_ParqueEscolarEstadual.fid--16360be6_1884ec8ee50_64ec,POINT (-38.517492001418695 -3.7453714831280864),110,PADRE ROCHA,EEFM,F2/M,23069570,RUA CORONEL ALVES TEIXEIRA,525,JOAQUIM TÁVORA,22,60130-000,10,2,2,SR2,3101-5075,PROCHA@ESCOLA.CE.GOV.BR,553577.78,9586003.26,SME,2021,EPSG: 31984 (SIRGAS 2000 - UTM 24S); Codificação: UTF-8
vw_ParqueEscolarEstadual.fid--16360be6_1884ec8ee50_64ed,POINT (-38.53564957340434 -3.74211689369116),111,FIGUEIREDO CORREIA,EEM,M,23070242,RUA MARECHAL DEODORO,733,BENFICA,7,60020-060,15,4,3,SR4,3101-2387/3281-0825,FIGUEIREDO@ESCOLA.CE.GOV.BR,551561.70,9586364.10,SME,2021,EPSG: 31984 (SIRGAS 2000 - UTM 24S); Codificação: UTF-8
vw_ParqueEscolarEstadual.fid--16360be6_1884ec8ee50_64ee,POINT (-38.54845784312712 -3.7457021337865783),112,FÉLIX DE AZEVEDO,EEFM,F2/M,23070161,RUA MONSENHOR FURTADO,757,RODOLFO TEÓFILO,34,60430-355,14,3,1,SR3,3101-2208,FAZEVEDO@ESCOLA.CE.GOV.BR,550139.23,9585968.54,SME,2021,EPSG: 31984 (SIRGAS 2000 - UTM 24S); Codificação: UTF-8
vw_ParqueEscolarEstadual.fid--16360be6_1884ec8ee50_64ef,POINT (-38.55224181323719 -3.739406674449896),113,ANTÔNIO SALES,EEM,M,23065389,RUA PROFESSOR ANACLETO,630,AMADEU FURTADO,4,60450-360,14,3,1,SR3,3101-2263,ASALES@ESCOLA.CE.GOV.BR,549719.41,9586664.64,SME,2021,EPSG: 31984 (SIRGAS 2000 - UTM 24S); Codificação: UTF-8
vw_ParqueEscolarEstadual.fid--16360be6_1884ec8ee50_64f0,POINT (-38.56144706975014 -3.7411891713574947),114,SANTO AFONSO,EEMTI,M,23069201,RUA GENERAL BERNARDO FIGUEIREDO,S/N,AMADEU FURTADO,4,60431-085,14,3,1,SR3,3101-2260,SAFONSO@ESCOLA.CE.GOV.BR,548697.13,9586468.13,SME,2021,EPSG: 31984 (SIRGAS 2000 - UTM 24S); Codificação: UTF-8
vw_ParqueEscolarEstadual.fid--16360be6_1884ec8ee50_64f1,POINT (-38.566322511027074 -3.739217446414283),115,JOAQUIM NOGUEIRA,EEEP,M,23072067,RUA DR. MOREIRA DE SOUSA,327,PARQUELÂNDIA,29,60450-080,14,3,1,SR3,3101-7635/3238-6521,JNOGUEIRA@ESCOLA.CE.GOV.BR,548155.86,9586686.35,SME,2021,EPSG: 31984 (SIRGAS 2000 - UTM 24S); Codificação: UTF-8
vw_ParqueEscolarEstadual.fid--16360be6_1884ec8ee50_64f2,POINT (-38.57870553608832 -3.7383924402433824),116,COLÉGIO DA POLÍCIA MILITAR DO CEARÁ GENERAL EDGARD FACÓ,COLÉGIO MILITAR,F1/F2/M,23198710,AVENIDA MISTER HULL,S/N,PADRE ANDRADE,47,60356-001,12,3,1,SR3,3101-4565,PMILITAR@ESCOLA.CE.GOV.BR,546780.85,9586778.21,SME,2021,EPSG: 31984 (SIRGAS 2000 - UTM 24S); Codificação: UTF-8
vw_ParqueEscolarEstadual.fid--16360be6_1884ec8ee50_64f3,POINT (-38.58585569968243 -3.744405638778267),117,MÁRIO HUGO CIDRACK DO VALE,EEFM,F2/M,23225327,RUA DOUTOR PERIGUARI,547,ANTÔNIO BEZERRA,40,60360-600,11,3,1,SR3,3101-5068,MCIDRACK@ESCOLA.CE.GOV.BR,545986.57,9586113.90,SME,2021,EPSG: 31984 (SIRGAS 2000 - UTM 24S); Codificação: UTF-8
vw_ParqueEscolarEstadual.fid--16360be6_1884ec8ee50_64f4,POINT (-38.58909246929148 -3.7405950538437853),118,PATRONATO SAGRADA FAMÍLIA,EEM,M,23075686,RUA MARTINS NETO,379,ANTÔNIO BEZERRA,40,60360-415,11,3,1,SR3,3101-5087,PATRONATO@ESCOLA.CE.GOV.BR,545627.35,9586535.28,SME,2021,EPSG: 31984 (SIRGAS 2000 - UTM 24S); Codificação: UTF-8
vw_ParqueEscolarEstadual.fid--16360be6_1884ec8ee50_64f5,POINT (-38.59446783626097 -3.7440926023246996),119,ANTÔNIO BEZERRA,EEMTI,M,23065249,RUA PE. PERDIGÃO SAMPAIO,780,ANTÔNIO BEZERRA,40,60361-010,11,3,1,SR3,3235-0265,ABEZERRA@ESCOLA.CE.GOV.BR,545030.28,9586148.95,SME,2021,EPSG: 31984 (SIRGAS 2000 - UTM 24S); Codificação: UTF-8
vw_ParqueEscolarEstadual.fid--16360be6_1884ec8ee50_64f6,POINT (-38.46218169234081 -3.7312480319795966),120,DEPUTADO MANOEL RODRIGUES,EEFM,F2/M,23073918,RUA OLIVEIRA FILHO,1576,VICENTE PINZÓN,37,60876-670,9,2,2,SR2,3101-7918,MRODRIGUES@ESCOLA.CE.GOV.BR,559720.57,9587560.89,SME,2021,EPSG: 31984 (SIRGAS 2000 - UTM 24S); Codificação: UTF-8
vw_ParqueEscolarEstadual.fid--16360be6_1884ec8ee50_64f7,POINT (-38.498384006890255 -3.73340626612696),121,PARÓQUIA DA PAZ,EEFM,F2/M,23068973,RUA VISCONDE DE MAUÁ,905,ALDEOTA,2,60125-160,7,2,2,SR2,3101-1394,PPAZ@ESCOLA.CE.GOV.BR,555700.34,9587324.69,SME,2021,EPSG: 31984 (SIRGAS 2000 - UTM 24S); Codificação: UTF-8
vw_ParqueEscolarEstadual.fid--16360be6_1884ec8ee50_64f8,POINT (-38.523559772888845 -3.736748489377178),122,VISCONDE DO RIO BRANCO,EEMTI,M,23078529,AVENIDA DOM MANUEL,1803,CENTRO,10,60060-091,1,2,2,SR12,3101-7638,VRBRANCO@ESCOLA.CE.GOV.BR,552904.51,9586956.80,SME,2021,EPSG: 31984 (SIRGAS 2000 - UTM 24S); Codificação: UTF-8
vw_ParqueEscolarEstadual.fid--16360be6_1884ec8ee50_64f9,POINT (-38.520904028271275 -3.728694417387662),123,CLÓVIS BEVILÁQUA,EEFM,F2/M,23067268,AVENIDA DOM MANUEL,511,CENTRO,10,60060-090,1,2,2,SR12,3101-5080,CBEVILAQUA@ESCOLA.CE.GOV.BR,553199.90,9587846.93,SME,2021,EPSG: 31984 (SIRGAS 2000 - UTM 24S); Codificação: UTF-8
vw_ParqueEscolarEstadual.fid--16360be6_1884ec8ee50_64fa,POINT (-38.52296512813737 -3.728916084266318),124,COLÉGIO ESTADUAL JUSTINIANO DE SERPA,COLÉGIO ESTADUAL,M,23072865,AVENIDA SANTOS DUMONT,56,CENTRO,10,60150-160,1,2,2,SR12,3101-5093,JSERPA@ESCOLA.CE.GOV.BR,552971.01,9587822.55,SME,2021,EPSG: 31984 (SIRGAS 2000 - UTM 24S); Codificação: UTF-8
vw_ParqueEscolarEstadual.fid--16360be6_1884ec8ee50_64fb,POINT (-38.53934156985779 -3.7335273772169124),125,DOUTOR CESAR CALS,EEM,M,23186488,AVENIDA DOMINGOS OLÍMPIO,1800,FARIAS BRITO,15,60040-081,13,1,1,SR3,3101-2379/3214-4048,CCALS@ESCOLA.CE.GOV.BR,551152.23,9587313.79,SME,2021,EPSG: 31984 (SIRGAS 2000 - UTM 24S); Codificação: UTF-8
vw_ParqueEscolarEstadual.fid--16360be6_1884ec8ee50_64fc,POINT (-38.54857710424166 -3.7327567238485617),126,PRESIDENTE ROOSEVELT,EEEP,M,23077174,AVENIDA BEZERRA DE MENEZES,435,PARQUE ARAXÁ,28,60325-000,14,3,1,SR3,3101-2254,PROOSEVELT@ESCOLA.CE.GOV.BR,550126.73,9587399.51,SME,2021,EPSG: 31984 (SIRGAS 2000 - UTM 24S); Codificação: UTF-8
vw_ParqueEscolarEstadual.fid--16360be6_1884ec8ee50_64fd,POINT (-38.56502702276842 -3.732339198050339),127,PAULO FREIRE,CEJA,F2/M,23227885,AVENIDA OLAVO BILAC,1300,PRESIDENTE KENNEDY,33,60320-000,12,3,1,SR3,3101-2700,CEJAPFREIRE@ESCOLA.CE.GOV.BR,548300.09,9587446.58,SME,2021,EPSG: 31984 (SIRGAS 2000 - UTM 24S); Codificação: UTF-8
vw_ParqueEscolarEstadual.fid--16360be6_1884ec8ee50_64fe,POINT (-38.57814037956932 -3.7359810313673756),128,HERMÍNIO BARROSO,EEMTI,M,23071010,RUA PE. GUILHERME WASSEN,800,PADRE ANDRADE,47,60356-360,12,3,1,SR3,3101-2703,HBARROSO@ESCOLA.CE.GOV.BR,546843.74,9587044.73,SME,2021,EPSG: 31984 (SIRGAS 2000 - UTM 24S); Codificação: UTF-8
vw_ParqueEscolarEstadual.fid--16360be6_1884ec8ee50_64ff,POINT (-38.58086098925277 -3.731600376489482),129,MONSENHOR DOURADO,EEMTI,M,23068078,AVENIDA SARGENTO HERMÍNIO,4600,PADRE ANDRADE,47,60356-392,12,3,1,SR3,3101-2706,MDOURADO@ESCOLA.CE.GOV.BR,546541.87,9587529.10,SME,2021,EPSG: 31984 (SIRGAS 2000 - UTM 24S); Codificação: UTF-8
vw_ParqueEscolarEstadual.fid--16360be6_1884ec8ee50_6500,POINT (-38.58806891635784 -3.7368160767454164),130,JOSÉ BEZERRA DE MENEZES,EEFM,F2/M,23072237,RUA ANÁRIO BRAGA,200,ANTÔNIO BEZERRA,40,60350-350,11,3,1,SR3,3101-5082,JBEZERRA@ESCOLA.CE.GOV.BR,545741.20,9586952.95,SME,2021,EPSG: 31984 (SIRGAS 2000 - UTM 24S); Codificação: UTF-8
vw_ParqueEscolarEstadual.fid--16360be6_1884ec8ee50_6501,POINT (-38.597578729838595 -3.7325911416523962),131,MARIA JOSÉ SANTOS FERREIRA GOMES,EEMTI,F2/M,23188545,RUA DONA LÚCIA PINHEIRO,93,QUINTINO CUNHA,48,60352-670,11,3,1,SR3,3101-7634/3479-0028,CEREMJOSE@ESCOLA.CE.GOV.BR,544685.42,9587420.45,SME,2021,EPSG: 31984 (SIRGAS 2000 - UTM 24S); Codificação: UTF-8
vw_ParqueEscolarEstadual.fid--16360be6_1884ec8ee50_6502,POINT (-38.60123968306861 -3.732146135176637),132,JESUS MARIA JOSÉ,EEFM,F2/M,23071664,RUA DA MANGUEIRA,134,QUINTINO CUNHA,48,60352-630,11,3,1,SR3,3101-2698,JMJOSE@ESCOLA.CE.GOV.BR,544278.92,9587469.83,SME,2021,EPSG: 31984 (SIRGAS 2000 - UTM 24S); Codificação: UTF-8
vw_ParqueEscolarEstadual.fid--16360be6_1884ec8ee50_6503,POINT (-38.47481263254634 -3.727497079591414),133,GENERAL MURILO BORGES MOREIRA,EEM,M,23075023,RUA DO ENTARDECER,90,VICENTE PINZÓN,37,60181-190,9,2,2,SR2,3101-1390,MBORGES@ESCOLA.CE.GOV.BR,558318.21,9587976.36,SME,2021,EPSG: 31984 (SIRGAS 2000 - UTM 24S); Codificação: UTF-8
vw_ParqueEscolarEstadual.fid--16360be6_1884ec8ee50_6504,POINT (-38.47892083123757 -3.726847982529436),134,MATIAS BECK,EEMTI,M,23068930,RUA PROFESSORA AIDA BALAIO,38,VICENTE PINZÓN,37,60181-274,9,2,2,SR2,3101-7072/98820-7187,MBECK@ESCOLA.CE.GOV.BR,557862.06,9588048.38,SME,2021,EPSG: 31984 (SIRGAS 2000 - UTM 24S); Codificação: UTF-8
vw_ParqueEscolarEstadual.fid--16360be6_1884ec8ee50_6505,POINT (-38.48391914150702 -3.7261001220995236),135,DRAGÃO DO MAR,EEMTI,M,23068086,RUA UMARI,S/N,MUCURIPE,26,60175-280,9,2,2,SR2,3101-1392,DMAR@ESCOLA.CE.GOV.BR,557307.06,9588131.38,SME,2021,EPSG: 31984 (SIRGAS 2000 - UTM 24S); Codificação: UTF-8
vw_ParqueEscolarEstadual.fid--16360be6_1884ec8ee50_6506,POINT (-38.487583284371475 -3.7278704927190534),136,BÁRBARA DE ALENCAR,EEFM,F2/M,23065842,RUA PEDRO RUFINO,38,MUCURIPE,26,60175-100,9,2,2,SR2,3101-7071,BARBARAALENCAR@YAHOO.COM.BR,556900.06,9587935.92,SME,2021,EPSG: 31984 (SIRGAS 2000 - UTM 24S); Codificação: UTF-8
vw_ParqueEscolarEstadual.fid--16360be6_1884ec8ee50_6507,POINT (-38.513223822229584 -3.72677147135744),137,SANTA LUZIA,EEFM,F2/M,23069171,RUA JOÃO CORDEIRO,711,MEIRELES,24,60110-300,7,2,2,SR2,3101-5085,SLUZIA@ESCOLA.CE.GOV.BR,554052.87,9588059.02,SME,2021,EPSG: 31984 (SIRGAS 2000 - UTM 24S); Codificação: UTF-8
vw_ParqueEscolarEstadual.fid--16360be6_1884ec8ee50_6508,POINT (-38.535586681662274 -3.72495782725712),138,PROFESSOR GILMAR MAIA DE SOUSA,CEJA,F2/M,23066920,RUA ESTEFÂNIA SALGADO,80,CENTRO,10,60015-070,1,2,2,SR12,3101-5073/3212-1140,CEJAGMSOUSA@ESCOLA.CE.GOV.BR,551569.69,9588260.84,SME,2021,EPSG: 31984 (SIRGAS 2000 - UTM 24S); Codificação: UTF-8
vw_ParqueEscolarEstadual.fid--16360be6_1884ec8ee50_6509,POINT (-38.541118057933154 -3.724367680975746),139,COLÉGIO ESTADUAL LICEU DO CEARÁ,EEMTI,M,23073039,PRAÇA GUSTAVO BARROSO,S/N,CENTRO,10,60010-700,1,2,2,SR12,3101-2262,LCEARA@ESCOLA.CE.GOV.BR,550955.49,9588326.39,SME,2021,EPSG: 31984 (SIRGAS 2000 - UTM 24S); Codificação: UTF-8
vw_ParqueEscolarEstadual.fid--16360be6_1884ec8ee50_650a,POINT (-38.54513995737336 -3.7219522940689087),140,COLÉGIO MILITAR DO CORPO DE BOMBEIROS ESCRITORA RACHEL DE QUEIROZ,COLÉGIO MILITAR,F1/F2/M,23215534,RUA ADRIANO MARTINS,436,JACARECANGA,18,60010-590,5,1,1,SR1,3101-2266,CBOMBEIROS@ESCOLA.CE.GOV.BR,550509.02,9588593.62,SME,2021,EPSG: 31984 (SIRGAS 2000 - UTM 24S); Codificação: UTF-8
vw_ParqueEscolarEstadual.fid--16360be6_1884ec8ee50_650b,POINT (-38.55098365946073 -3.725918928181376),141,CLÁUDIO MARTINS,EEMTI,M,23067233,RUA DEMÓCRITO ROCHA,400,MONTE CASTELO,25,60325-200,13,1,1,SR3,3101-2258,CMARTINS@ESCOLA.CE.GOV.BR,549859.88,9588155.48,SME,2021,EPSG: 31984 (SIRGAS 2000 - UTM 24S); Codificação: UTF-8
vw_ParqueEscolarEstadual.fid--16360be6_1884ec8ee50_650c,POINT (-38.55886058615091 -3.7254541104210106),142,DONA CREUSA DO CARMO ROCHA,EEEP,M,23187956,AVENIDA SARGENTO HERMÍNIO,2006,MONTE CASTELO,25,60350-550,13,1,1,SR3,3101-2265,CCARMO@ESCOLA.CE.GOV.BR,548985.21,9588207.31,SME,2021,EPSG: 31984 (SIRGAS 2000 - UTM 24S); Codificação: UTF-8
vw_ParqueEscolarEstadual.fid--16360be6_1884ec8ee50_650d,POINT (-38.58088974411894 -3.7239709127604264),143,PROFESSORA BALBINA JUCÁ DE ALBUQUERQUE,EEMTI,F2/M,23069031,AVENIDA MAJOR ASSIS,346,FLORESTA,17,60340-065,6,1,1,SR1,3101-2697,BJUCA@ESCOLA.CE.GOV.BR,546539.07,9588372.45,SME,2021,EPSG: 31984 (SIRGAS 2000 - UTM 24S); Codificação: UTF-8
vw_ParqueEscolarEstadual.fid--16360be6_1884ec8ee50_650e,POINT (-38.58666701594549 -3.7234256894992703),144,DEPUTADO FRANCISCO DE ALMEIDA MONTE,EEM,M,23069961,AVENIDA CORONEL CARVALHO,2400,JARDIM GUANABARA,20,60346-164,2,1,1,SR1,3101-2692,AMONTE@ESCOLA.CE.GOV.BR,545897.57,9588433.02,SME,2021,EPSG: 31984 (SIRGAS 2000 - UTM 24S); Codificação: UTF-8
vw_ParqueEscolarEstadual.fid--16360be6_1884ec8ee50_650f,POINT (-38.589164896638316 -3.7268342151208587),145,DOM HÉLDER CÂMARA,EEM,M,23225491,RUA ROSINHA SAMPAIO,1157,JARDIM GUANABARA,20,60346-251,2,1,1,SR1,3101-5584,DHELDER@ESCOLA.CE.GOV.BR,545620.02,9588056.38,SME,2021,EPSG: 31984 (SIRGAS 2000 - UTM 24S); Codificação: UTF-8
vw_ParqueEscolarEstadual.fid--16360be6_1884ec8ee50_6510,POINT (-38.468694431375916 -3.7110679463174305),146,HELENITA MOTA,EEFM,F2/M,23070897,RUA AMÂNCIO FILOMENO,720,CAIS DO PORTO,110,60180-320,9,2,2,SR2,3101-1389,WWW.HMOTA@ESCOLA.CE.GOV.BR,558998.71,9589792.02,SME,2021,EPSG: 31984 (SIRGAS 2000 - UTM 24S); Codificação: UTF-8
vw_ParqueEscolarEstadual.fid--16360be6_1884ec8ee50_6511,POINT (-38.54677463013065 -3.7175237574038316),147,SALES CAMPOS,EEFM,F2/M,23077387,RUA JACINTO DE MATOS,730,JACARECANGA,18,60310-210,5,1,1,SR1,3101-2390,SCAMPOS@ESCOLA.CE.GOV.BR,550327.74,9589083.23,SME,2021,EPSG: 31984 (SIRGAS 2000 - UTM 24S); Codificação: UTF-8
vw_ParqueEscolarEstadual.fid--16360be6_1884ec8ee50_6512,POINT (-38.55003476985127 -3.7121761630145524),148,MOEMA TÁVORA,CENTRO EDUCACIONAL,F2/M,23074701,RUA MARCÍLIO DIAS,485,PIRAMBU,31,60310-750,4,1,1,SR1,3101-2386,MTAVORA@ESCOLA.CE.GOV.BR,549966.02,9589674.53,SME,2021,EPSG: 31984 (SIRGAS 2000 - UTM 24S); Codificação: UTF-8
vw_ParqueEscolarEstadual.fid--16360be6_1884ec8ee50_6513,POINT (-38.55832268790902 -3.7109710348189866),149,GOVERNADOR FLÁVIO MARCÍLIO,EEM,M,23070269,AVENIDA PASTEUR,575,PIRAMBU,31,60335-000,4,1,1,SR1,3101-2794,FMARCILIO@ESCOLA.CE.GOV.BR,549045.74,9589808.21,SME,2021,EPSG: 31984 (SIRGAS 2000 - UTM 24S); Codificação: UTF-8
vw_ParqueEscolarEstadual.fid--16360be6_1884ec8ee50_6514,POINT (-38.56731862309009 -3.712718045568538),150,JOSÉ VALDO RIBEIRO RAMOS,EEMTI,M,23072571,RUA PEDRO AMÉRICO,100,ÁLVARO WEYNE,3,60337-220,6,1,1,SR1,3101-2872,WRAMOS@ESCOLA.CE.GOV.BR,548046.68,9589615.59,SME,2021,EPSG: 31984 (SIRGAS 2000 - UTM 24S); Codificação: UTF-8
vw_ParqueEscolarEstadual.fid--16360be6_1884ec8ee50_6515,POINT (-38.57048866180021 -3.717137286014515),151,WALDEMAR FALCÃO,EEMTI,M,23078561,RUA ANTÔNIO JOAQUIM DE CARVALHO,19,ÁLVARO WEYNE,3,60336-001,6,1,1,SR1,3101-2690,VFALCAO@ESCOLA.CE.GOV.BR,547694.42,9589127.27,SME,2021,EPSG: 31984 (SIRGAS 2000 - UTM 24S); Codificação: UTF-8
vw_ParqueEscolarEstadual.fid--16360be6_1884ec8ee50_6516,POINT (-38.594606305879616 -3.7106935511803165),152,DONA MARIA MENEZES DE SERPA,EEFM,F2/M,23073721,RUA DR. QUIXADÁ FELÍCIO,141,VILA VELHA,39,60347-470,2,1,1,SR1,3101-2695,MMSERPA@ESCOLA.CE.GOV.BR,545016.60,9589840.81,SME,2021,EPSG: 31984 (SIRGAS 2000 - UTM 24S); Codificação: UTF-8
vw_ParqueEscolarEstadual.fid--16360be6_1884ec8ee50_6517,POINT (-38.597353036703964 -3.7145197421157503),153,DONA HILZA DIOGO DE OLIVEIRA,EEM,M,23071044,AVENIDA DOM ALOÍSIO LORSCHEIDER,1040,VILA VELHA,39,60347-780,2,1,1,SR1,3101-7829,HDIOGO@ESCOLA.CE.GOV.BR,544711.39,9589418.01,SME,2021,EPSG: 31984 (SIRGAS 2000 - UTM 24S); Codificação: UTF-8
vw_ParqueEscolarEstadual.fid--16360be6_1884ec8ee50_6518,POINT (-38.5996150793851 -3.711457949509329),154,LICEU VILA VELHA,EEMTI,M,23225408,AVENIDA L,840,VILA VELHA,39,60348-300,2,1,1,SR1,3282-7798/98799-5330,LICEUVVELHA@ESCOLA.CE.GOV.BR,544460.36,9589756.56,SME,2021,EPSG: 31984 (SIRGAS 2000 - UTM 24S); Codificação: UTF-8
vw_ParqueEscolarEstadual.fid--16360be6_1884ec8ee50_6519,POINT (-38.553368908341646 -3.7094249372445196),155,DOM HÉLIO CAMPOS,CENTRO EDUCACIONAL,F2/M,23070900,RUA SÃO RAIMUNDO,199,PIRAMBU,31,60311-030,4,1,1,SR1,3101-2264,DHCAMPOS@ESCOLA.CE.GOV.BR,549595.93,9589978.83,SME,2021,EPSG: 31984 (SIRGAS 2000 - UTM 24S); Codificação: UTF-8
vw_ParqueEscolarEstadual.fid--16360be6_1884ec8ee50_651a,POINT (-38.56474294126656 -3.708376766755274),156,LIONS JANGADA,EEMTI,M,23073136,RUA CAMÉLIA,352,CRISTO REDENTOR,12,60337-380,4,1,1,SR1,3101-5076,LJANGADA@ESCOLA.CE.GOV.BR,548332.94,9590095.32,SME,2021,EPSG: 31984 (SIRGAS 2000 - UTM 24S); Codificação: UTF-8
vw_ParqueEscolarEstadual.fid--16360be6_1884ec8ee50_651b,POINT (-38.56524113419703 -3.7055106139210534),157,MONSENHOR HÉLIO CAMPOS,CEJA,F2/M,23070919,AVENIDA MONS. HÉLIO CAMPOS,251,CRISTO REDENTOR,12,60336-800,4,1,1,SR1,3101-5089/3286-1680,MHCAMPOS@ESCOLA.CE.GOV.BR,548277.77,9590412.17,SME,2021,EPSG: 31984 (SIRGAS 2000 - UTM 24S); Codificação: UTF-8
vw_ParqueEscolarEstadual.fid--16360be6_1884ec8ee50_651c,POINT (-38.56644458989607 -3.7053471171188592),158,MARWIN,EEEP,M,23074159,AVENIDA MONS. HÉLIO CAMPOS,S/N,CRISTO REDENTOR,12,60336-800,4,1,1,SR1,3101-5088/3286-3318,MARVIN@ESCOLA.CE.GOV.BR,548144.14,9590430.31,SME,2021,EPSG: 31984 (SIRGAS 2000 - UTM 24S); Codificação: UTF-8
vw_ParqueEscolarEstadual.fid--16360be6_1884ec8ee50_651d,POINT (-38.56926767359837 -3.7030378785807074),159,SÃO JOSÉ DOS ARPOADORES,EEFM,F2/M,23072377,RUA DONA MENDINHA,90,BARRA DO CEARÁ,6,60876-670,3,1,1,SR1,3101-2694,JARPOADORES@ESCOLA.CE.GOV.BR,547830.77,9590685.72,SME,2021,EPSG: 31984 (SIRGAS 2000 - UTM 24S); Codificação: UTF-8
vw_ParqueEscolarEstadual.fid--16360be6_1884ec8ee50_651e,POINT (-38.57791435076297 -3.7042175115298814),160,ESTADO DE ALAGOAS,EEM,M,23068809,AVENIDA PRES. CASTELO BRANCO,5244,BARRA DO CEARÁ,6,60312-060,3,1,1,SR1,3101-2704,EALAGOAS@ESCOLA.CE.GOV.BR,546870.52,9590555.79,SME,2021,EPSG: 31984 (SIRGAS 2000 - UTM 24S); Codificação: UTF-8
vw_ParqueEscolarEstadual.fid--16360be6_1884ec8ee50_651f,POINT (-38.577731888903514 -3.6996761032826),161,FERNANDO CAVALCANTE MOTA,EEFM,F2/M,23070218,RUA DA SALEMA,85,BARRA DO CEARÁ,6,60332-410,3,1,1,SR1,3101-2705,CMOTA@ESCOLA.CE.GOV.BR,546891.02,9591057.77,SME,2021,EPSG: 31984 (SIRGAS 2000 - UTM 24S); Codificação: UTF-8
vw_ParqueEscolarEstadual.fid--16360be6_1884ec8ee50_6520,POINT (-38.60110755725443 -3.7727961697154306),162,PROFESSOR CÉSAR CAMPELO,EEEP,M,23069040,RUA 717,S/N,CONJUNTO CEARÁ II,75,60531-700,38,5,3,SR11,3294-5288,UV5CCAMPELO@ESCOLA.CE.GOV.BR,544291.54,9582976.47,SME,2021,EPSG: 31984 (SIRGAS 2000 - UTM 24S); Codificação: UTF-8
vw_ParqueEscolarEstadual.fid--16360be6_1884ec8ee50_6521,POINT (-38.523084292304574 -3.759294942516186),163,SÃO JOÃO PIAMARTA,EEM,M,23259639,AVENIDA AGUANAMBI,479,AEROPORTO,92,60055-400,18,4,3,SR4,3101-9336,SJPIAMARTA@ESCOLA.CE.GOV.BR,552955.96,9584464.52,SME,2021,EPSG: 31984 (SIRGAS 2000 - UTM 24S); Codificação: UTF-8
vw_ParqueEscolarEstadual.fid--16360be6_1884ec8ee50_6522,POINT (-38.49846296845786 -3.7747141197511365),164,JAIME ALENCAR DE OLIVEIRA,EEEP,M,23244747,AVENIDA ROGACIANO LEITE,2285,LUCIANO CAVALCANTE,58,60810-475,24,2,2,SR7,3273-6853,EEEPJAIME.ALENCAR@ESCOLA.CE.GOV.BR,555688.96,9582758.57,SME,2021,EPSG: 31984 (SIRGAS 2000 - UTM 24S); Codificação: UTF-8
vw_ParqueEscolarEstadual.fid--16360be6_1884ec8ee50_6523,POINT (-38.461464285935826 -3.728267809358836),165,MARIA ANGELA DA SILVEIRA BORGES,EEEP,M,23252391,RUA PINTOR ANTÔNIO BANDEIRA,S/N,VICENTE PINZÓN,37,60180-476,9,2,2,SR2,3248-8250,ANGELABORGES@ESCOLA.CE.GOV.BR,559800.44,9587890.27,SME,2021,EPSG: 31984 (SIRGAS 2000 - UTM 24S); Codificação: UTF-8
vw_ParqueEscolarEstadual.fid--16360be6_1884ec8ee50_6524,POINT (-38.560481148607685 -3.8006126340475475),166,LEONEL DE MOURA BRIZOLA,EEEP,M,23252588,AVENIDA HOLANDA,1281,DENDÊ,77,60712-165,19,4,3,SR8,3101-3594/98729-5665,LEONELBRIZOLA@ESCOLA.CE.GOV.BR,548801.07,9579899.52,SME,2021,EPSG: 31984 (SIRGAS 2000 - UTM 24S); Codificação: UTF-8
vw_ParqueEscolarEstadual.fid--16360be6_1884ec8ee50_6525,POINT (-38.59329695601606 -3.807636865509057),167,DARCY RIBEIRO,EEEP,M,23246812,RUA CÔNEGO DE CASTRO,S/N,NOVO MONDUBIM,121,60763-433,34,4,3,SR10,3292-2326,DARCYRIBEIRO@ESCOLA.CE.GOV.BR,545157.01,9579124.86,SME,2021,EPSG: 31984 (SIRGAS 2000 - UTM 24S); Codificação: UTF-8
